link,title,description,channel,category
kGKkUN50R0c,Best Radio 1 ‚Ä¢ Live Radio Pop Music 2019&#39; Best English Songs Of All Time &amp; New Popular Songs 2019,Best Radio 1 ‚Ä¢ Live Radio Pop Music 2019' Best English Songs Of All Time & New Popular Songs 2019 Other live streams please check them out and don't ...,Live Music Radio,10
4g9KLiCK4ho,üéß Best Of Epic Music ‚Ä¢ Livestream 24/7 | THE POWER OF EPIC MUSIC - BEST COLLECTION,"EMVNLive Best Of Epic Music Livestream 24/7. Music for relaxing, studying, working, workout. The best epic music, epic cinematic, epic battle music, powerful ...",Epic Music VN,10
7S0y0AGZUNw,"Best Radio 1 ‚Ä¢ Live Radio Deep House &amp; Tropical House, Chill Out &amp; Dance Music 2019","Best Radio 1 ‚Ä¢ Live Radio Deep House & Tropical House, Chill Out & Dance Music 2019 Other live streams please check them out and don't forget to hit ...",Live Music Radio,10
hHW1oY26kxQ,lofi hip hop radio - beats to relax/study to,"Thank you for listening, I hope you will have a good time here :) Check out the ChilledCow merch ‚Üí http://bit.ly/chilledcow-merch Listen to ChilledCow ...",ChilledCow,10
CLWEvtlCm84,BEAST - &#39;I Like You The Best&#39; Official MV [HD],Starring: Beast and Son Na Eun (A Pink) Official MV! Credit by: Cube Entertainment This is the second part of 'Beautiful' MV! Part 1: ...,MrSarangHighLight ÌïòÏù¥ÎùºÏù¥Ìä∏,10
G94jQi0UGr0,Best Mashup Cover Ever of J.Fla - JFla Collection,"TOP Best Mashup Cover Ever of JFla Singer ( JFla Collection ) ------------------------------------ #sacmaucuocsong, #jfla, #bestcoversongofjfla --- Youtube: ...",S·∫ÆC M√ÄU CU·ªòC S·ªêNG,10
jNRt5G_GV1o,"Best Music Mix 2019 ‚ô´ 1 Hour Gaming Music Mix ‚ô´ Trap, House, Dubstep, EDM","Best Music Mix 2019 ‚ô´ 1 Hour Gaming Music Mix ‚ô´ Trap, House, Dubstep, EDM ‚ñ≠‚ñ≠‚ñ≠‚ñ≠‚ñ≠‚ñ≠‚ñ≠‚ñ≠‚ñ≠‚ñ≠‚ñ≠‚ñ≠‚ñ≠‚ñ≠‚ñ≠‚ñ≠‚ñ≠‚ñ≠‚ñ≠‚ñ≠‚ñ≠‚ñ≠‚ñ≠‚ñ≠‚ñ≠‚ñ≠‚ñ≠ ‚ô¢ All rights belong ...",7even Cloud,10
mjlDN95uduY,"Best Of Music 2019 ‚ô´ Gaming Music 2019 Mix x NoCopyrightSounds ‚ô´ Trap, House, Dubstep, EDM","Best Of Music 2019 ‚ô´ Gaming Music 2019 Mix x NoCopyrightSounds ‚ô´ Trap, House, Dubstep, EDM ...",7even Cloud,10
4HvdGXANdYE,Russ - BEST ON EARTH (Feat. BIA) (Official Video),Check out the official music video for ‚ÄúBEST ON EARTH‚Äù by Russ ft. BIA now Get this song https://Russ.lnk.to/BESTONEARTHAY Song written by Russ & BIA ...,RussVEVO,10
39qbyzFikuw,TOP 25 Best Songs for Children on YouTube,LooLoo Kids on SPOTIFY https://tiny.cc/bbn5ez Subscribe to our channel because new videos are uploaded every week! http://bit.ly/Subscribe_to_LooLooKids ...,LooLoo Kids - Nursery Rhymes and Children's Songs,10
j7_lSP8Vc3o,2NE1 - ÎÇ¥Í∞Ä Ï†úÏùº Ïûò ÎÇòÍ∞Ä(I AM THE BEST) M/V,DIGITAL SINGLE [I AM THE BEST] Available on iTunes @ https://itunes.apple.com/us/album/i-am-the-best/id950442421?i=950442426 #2NE1 #IAMTHEBEST ...,2NE1,10
RrD99yaotPw,Best Gaming Music 2019 Mix ‚ô´ Best Of EDM ‚ô´ House x Dubstep x Trap &amp; Bass,Best Gaming Music 2019 Mix ‚ô´ Best Of EDM ‚ô´ House x Dubstep x Trap & Bass ‚ñ≠‚ñ≠‚ñ≠‚ñ≠‚ñ≠‚ñ≠‚ñ≠‚ñ≠‚ñ≠‚ñ≠‚ñ≠‚ñ≠‚ñ≠‚ñ≠‚ñ≠‚ñ≠‚ñ≠‚ñ≠‚ñ≠‚ñ≠‚ñ≠‚ñ≠‚ñ≠‚ñ≠‚ñ≠‚ñ≠‚ñ≠ ‚ô¢ All rights belong ...,7even Cloud,10
GC5E8ie2pdM,Tina Turner - The Best,Official video of Tina Turner performing The Best from the album Foreign Affair. Like Tina Turner on Facebook: ...,Tina Turner Official,10
8ERXJP7CzCo,Top 20 Songs of Vexento 2017 - Best Of Vexento,Top 20 Songs of Vexento 2017 - Best Of Vexento ‚òû Follow Magic NCS : Facebook ‚Üí https://goo.gl/fWA96C Subscribe ‚Üí https://goo.gl/IAgUeH ‚òû Follow ...,Magic Sound,10
-ObdvMkCKws,Top 20 Most Popular Songs by NCS | Best of NCS | Most Viewed Songs,Top 20 Most Popular Songs by NCS | Best of NCS | Most Viewed Songs Tracklist: 01. Janji - Heroes Tonight (feat. Johnning) 02. Defqwop - Heart Afire feat.,Magic Sound,10
_SfOHXFtttI,Top Hits 2019 - Top 30 Popular Songs - Best English Music Playlist 2019 - Relaxing POP Songs,Top Hits 2019 - Top 30 Popular Songs - Best English Music Playlist 2019 - Relaxing POP Songs Top Hits 2019 - Top 30 Popular Songs - Best English Music ...,Female Music Collection,10
DuZvSi7LlYE,[PV] 2NE1 - I AM THE BEST (Japanese Ver.),JAPAN 1ST MINI [NOLZA] iTunes„Å´„Å¶„ÉÄ„Ç¶„É≥„É≠„Éº„Éâ @ http://bit.ly/LXqSrT #2NE1 #IAMTHEBEST More about 2NE1 @ http://www.yg-2ne1.com/ ...,2NE1,10
sD3kO4U5Oh4,Luke Combs - She Got the Best of Me (Audio),"Listen to ‚ÄúShe Got The Best Of Me‚Äù now on Luke Combs' deluxe album, 'This One's For You Too': Spotify: http://smarturl.it/LCDLX/spotify?IQid=youtube Apple ...",LukeCombsVEVO,10
c89b7KCykE0,"Best Music Mix 2019 ‚ô´ Gaming Music x 1 Hour Gaming Mix ‚ô´ Trap, House, Dubstep, EDM","Best Music Mix 2019 ‚ô´ Gaming Music x 1 Hour Gaming Mix ‚ô´ Trap, House, Dubstep, EDM Best Music Mix 2019 ‚ô´ Gaming Music x 1 Hour Gaming Mix ‚ô´ Trap, ...",Kurumi,10
qnIwCsQYoEc,"Foo Fighters - Best Of You (Live At Wembley Stadium, 2008)","Foo Fighters performing ‚ÄúBest of You‚Äù live at Wembley Stadium, 2008 Listen to Foo Fighters: https://FooFighters.lnk.to/ListenYD Filmed over two sold-out nights ...",foofightersVEVO,10
Vdrl01CxafA,Best Songs Of  November 2019,"Top 50 Songs Of November 30, 2019 Top Best Songs November 30, 2019, Hit Songs of November 30, 2019 New Songs November 30, 2019, Best Songs 2019 ...",TopMusicWorld,10
1GRXx_n4nok,BTS Playlist - Best BTS Songs 2013-2019 ~ Î∞©ÌÉÑÏÜåÎÖÑÎã®,"BTS Playlist - Best BTS Songs (for studying, relaxing and sleeping) #Î∞©ÌÉÑÏÜåÎÖÑÎã® #BTSplaylist #Bestsong Subscribe: ...",GREY Nation,10
o_v9MY_FMcw,One Direction - Best Song Ever,One Direction ‚Äì Best Song Ever (Official Video) Follow On Spotify ‚Äì https://smarturl.it/1D_TTSp Listen on Apple Music ‚Äì https://smarturl.it/1D_AMEss Amazon ...,OneDirectionVEVO,10
SAkUFT9Agv0,The Best of Richard Clayderman,Track list for this album: 00:00 Hungarian Sonata 03:16 A Comme Amour 06:34 Mariage D Amour 09:15 For Elise 13:29 For My Sweetheart 16:24 Jardin Secret ...,Best Piano Music,10
nviVbBUahus,"Westlife, Shayne Ward, Boyzone, MLTR, Backstreet Boys - Best Love Songs Ever","Westlife, Shayne Ward, Boyzone, MLTR, Backstreet Boys - Best Love Songs Ever Thanks for watching. If you like video please ""SUBSCRIBE"" - ""LIKE"" - ""SHARE"" ...",Love Songs Collection,10
bdTXu2twKUE,Best Songs of Westlife - Westlife Greatest Hits Playlist 2019,"Best Songs of Westlife - Westlife Greatest Hits Playlist 2019 Thanks for watching. If you like video please ""SUBSCRIBE"" - ""LIKE"" - ""SHARE"" -""COMMENT""",H∆∞∆°ng H∆∞∆°ng,10
KxqSdr_vZIs,BEST Music to Help Study and Work to (from Study Music Project),This is the BEST Study Music Playlist from Study Music Project and contains a collection of the TOP 10 MOST VIEWED study music from Study Music Project ...,Study Music Project,10
Z1uvnuQkmUU,"Best Opera Arias: Turandot, La Traviata, Rigoletto, Cavalleria Rusticana, La Boheme, Aida, Norma...",Buy the MP3 album on the Official Halidon Music Store: http://bit.ly/15QImFj iTunes & Apple Music: https://apple.co/2SNIoXD Listen to our playlist on Spotify: ...,HALIDONMUSIC,10
gkRnlKNxlF8,Best Hip Hop &amp; Twerk Party Mix 2019 | Black R&amp;B Rap Urban Dancehall Music Club Songs #113,Best Hip Hop & Twerk Party Mix 2019 | Black R&B Rap Urban Dancehall Music Club Songs #113 Tracklist: https://www.instagram.com/p/B5Ls4mwJYCB/ ...,DJ Nightdrop,10
k_3paTPKriA,16. VODACOM BEST OF THE BEST: PRIME 2,Tu devras nous emporter tel est le th√®me de ce 2√®me prime Lequel de candidat a su vous emporter par sa prestation ?,Vodacom Best of the Best,10
_ksdIDS1SCM,A Day To Remember - Best Of Me (Audio),"A Day To Remember's official audio stream for 'Best Of Me' from the album, Common Courtesy - available now on ADTR Records. Download it at ...",ADTR Records,10
zGG0QYjdgJQ,The Starting Line - Best Of Me (Official Video),Music video by The Starting Line performing Best Of Me. (C) 2003 Drive Thru Records #TheStartingLine #BestOfMe #Vevo.,TheStartingLineVEVO,10
IqSjhVqB8QM,Best Music 2019 ‚ô´ No Copyright ‚ô´ NCS Gaming Music - Trap - Dubstep - EDM,Best Music 2019 ‚ô´ No Copyright ‚ô´ NCS Gaming Music - Trap - Dubstep - EDM - NCS ‚ö° Magic Spotify: https://lnk.to/magicmusic Magic No Copyright Music ...,Magic Music,10
XcbnilNvIIo,Daniel Powter - Best Of Me,,Warner Music Japan,10
ax4P8lO1ggw,Pop Hits 2020 | The Most Popular Songs 2020 | Best Pop English Songs Playlist,Pop Hits 2020 | The Most Popular Songs 2020 | Best Pop English Songs Playlist.,Musicas Ac√∫stico,10
vDe9pO6P84Q,"The Best Of Armin Only (FULL SHOW) [Live from the Johan Cruijff ArenA - Amsterdam, The Netherlands]","The Best Of Armin Only (FULL SHOW) [Live from the Johan Cruijff ArenA - Amsterdam, The Netherlands] ‚ñ∑ https://AvB.lnk.to/TBOAOYA Subscribe to Armin van ...",Armin van Buuren,10
ganyeVCcuyI,Michael Bolton - The Best Of Love,Michael Bolton's official music video for 'The Best Of Love'. Click to listen to Michael Bolton on Spotify: http://smarturl.it/MichaelBoltonSpotify?IQid=MichaelBTBO ...,MichaelBoltonVEVO,10
AWrQiF0nkXw,George Harrison Greatest Hits (Full Album) Best Songs of George Harrison (HQ),George Harrison Greatest Hits (Full Album) Best Songs of George Harrison (HQ) George Harrison Greatest Hits (Full Album) Best Songs of George Harrison ...,Frederick Benavides,10
14RfaKU_V7Q,Acoustic Slow Rock Love Songs | Best Slow Rock Love Songs Of All Time,Acoustic Slow Rock Love Songs | Best Slow Rock Love Songs Of All Time Acoustic Slow Rock Love Songs | Best Slow Rock Love Songs Of All Time Acoustic ...,Music Collection 2019.,10
Vr27YI-ure0,WE WON&#39;T FALL | Best Of Epic Music Mix | Beautiful Emotional Piano Music by Mustafa Av≈üaroƒülu,WE WON'T FALL | Best Of Epic Music Mix | Beautiful Emotional Piano Music by Mustafa Av≈üaroƒülu Turn on the '  ' to get notifications for new releases!,Epic Music VN,10
YzoPmyelSzw,The Best of Chopin,"Buy ""3 Hours Chopin for Studying, Concentration, Relaxation"" (MP3 album) on the Official Halidon Music Store: http://bit.ly/2MM25ya ‚ô´ Buy ‚Äú100 Classical ...",HALIDONMUSIC,10
k_on7zgBPUA,Richard Clayderman Greatest Hits -  Best Songs Of Richard Clayderman -  Richard Clayderman Playlist,Richard Clayderman Greatest Hits - Best Songs Of Richard Clayderman - Richard Clayderman Playlist.,Best Piano Music,10
oh0fb0RmBbg,Best of 70s &amp; 80s Remixes pt. 2,Back to the old school ‚ô´ Other Stay See Mixes ‚Ü™Ô∏é https://bit.ly/2DdLfnm ‚Ü™Ô∏é https://bit.ly/35wlP0s Stay See on Twitter : https://twitter.com/stayseemusic Facebook ...,Stay See,10
kPkKeGBSbCc,Best of alexrainbirdMusic // Vol. 3 (500k Subscribers Playlist) üéâ,Celebrate 500k subscribers with us in this Best Of playlist from alexrainbirdMusic! Tracklist & Spotify link below‚Ä¶ LISTEN ON SPOTIFY: ...,alexrainbirdMusic,10
YFVnVuTcz9I,Whitney Houston - I Learned From The Best (Official Music Video),Whitney Houston's official music video for 'I Learned From The Best'. Click to listen to Whitney Houston on Spotify: http://smarturl.it/WhitneyHSpotify?,whitneyhoustonVEVO,10
oGkkusOMFj0,The Best Jazz Songs of All Time | 50 Unforgettable Jazz Classics,"Buy ""50 Songss of Jazz"" (MP3 album) on the Official Halidon Music Store: http://bit.ly/2xJwysj Listen to our playlist ‚ÄúThe Best of Jazz‚Äù on Deezer: ...",HALIDONMUSIC,10
x62B8FgaGOI,AWOLNATION - The Best (Official Music Video),Official music video for 'The Best' by AWOLNATION. Stream / Download - https://awolnation.ffm.to/thebest Follow AWOLNATION on Spotify: ...,AWOLNATION,10
GEn4KI3k-OA,Acoustic Rock Ballads | Best Rock Ballads Love Songs,Acoustic Rock Ballads | Best Rock Ballads Love Songs Acoustic Rock Ballads | Best Rock Ballads Love Songs Acoustic Rock Ballads | Best Rock Ballads Love ...,Music Collection 2019.,10
6c6zgON33kw,Pop Songs 2019 - Top 30 Popular Songs  - Best English Songs Playlist 2019,Pop Songs 2019 - Top 30 Popular Songs - Best English Songs Playlist 2019 Pop Songs 2019 - Top 30 Popular Songs - Best English Songs Playlist 2019 Pop ...,Female Music Collection,10
_QqWO5kKFWc,Monstercat - Best of 2018 (Uncaged Album Mix),Monstercat Best of 2018! Thank you for an unforgettable year on Monstercat Uncaged! Your undying support inspires us to strive even higher in bringing you the ...,Monstercat: Uncaged,10
DibevdT56pQ,CCR  Greatest Hits (Full Album) Best Songs of CCR  (HQ),CCR Greatest Hits (Full Album) Best Songs of CCR (HQ) CCR Greatest Hits (Full Album) Best Songs of CCR (HQ) CCR Greatest Hits (Full Album) Best Songs of ...,Music Collection,10
ngiqGrVsjmE,Best of BTS&#39; j-hope on Radio Disney,We love j-hope as much as j-hope loves spaghetti and Sprite! Watch more from Radio Disney!‚ñªhttp://www.youtube.com/user/RadioDisney?sub_confirmation=1 ...,Radio Disney,10
Som0-ZixFjg,U2 Greatest Hits Full Album - The Best of U2 - U2 Love Songs Ever,U2 Greatest Hits Full Album - The Best of U2 - U2 Love Songs Ever U2 Greatest Hits Full Album - The Best of U2 - U2 Love Songs Ever U2 Greatest Hits Full ...,Music Collection,10
jgpJVI3tDbY,"The Best of Classical Music - Mozart, Beethoven, Bach, Chopin... Classical Music Piano Playlist Mix","3 HOURS The Best Classical Music Playlist Mix (Mozart, Beethoven, Bach, Chopin) Beautiful Piano, Violin & Orchestral Masterpieces by the greatest composers ...",Just Instrumental Music,10
O5qh1pnwumg,Merry Christmas 2019 üéÑüéÑ Top Christmas Songs Playlist 2019 üéÑüéÖ Best Christmas Songs Ever,Merry Christmas 2019 Top Christmas Songs Playlist 2019 Best Christmas Songs Ever Merry Christmas 2019 Top Christmas Songs Playlist 2019 ...,OPM Love Songs,10
yKwdUZmRzHk,STAR WARS JEDI: FALLEN ORDER RAP by JT Music - &quot;Best for Last&quot;,"Subscribe for More Music ‚ñ∑ http://jtmch.co/SubJT **Song Download Links Below** We love Star Wars, so you knew this was going to happen, enjoy! Okay, bye ...",JT Music,10
CSR0z17MQVs,Top Hits 2019 - Best English Songs 2019 Hits - New POP Songs Playlist,Top Hits 2019 - Best English Songs 2019 Hits - New POP Songs Playlist Top Hits 2019 - Best English Songs 2019 Hits - New POP Songs Playlist Top Hits 2019 ...,Female Music Collection,10
VaR9mzuIiB8,Best Elegant Love Songs - River Of Light Collection,"Always ,,,,, The Melody Is The Master . - Engelbert Humperdinck - You Belong To My Heart ( Solamente Una Vez) - Perry Como - Perhaps, Perhaps ( Quizas ...",Waltz Tango,10
nai7w1frB1E,Tenacious D - To Be The Best (Video),Tenacious D's official music video for 'To Be The Best'. Click to listen to Tenacious D on Spotify: http://smarturl.it/TEDSpot?IQid=TDBTB As featured on Rise Of ...,tenaciousDVEVO,10
gdGRK-OCA68,17. Vodacom BEST OF THE BEST : BACKSTAGE PRIME 2,"Le backstage du Prime 2 : Le stress, le m√©contentement, la nervosit√© et d'autres √©motions des 12 avant la sc√®ne.",Vodacom Best of the Best,10
i-ZdrD370A8,Merry Christmas 2019ü§∂Top Christmas Songs Playlist 2019 üéÑüéÖ‚òÉBest Christmas Songs Ever,Merry Christmas 2019ü§∂Top Christmas Songs Playlist 2019 ‚òÉBest Christmas Songs Ever Merry Christmas 2019ü§∂Top Christmas Songs Playlist 2019 ...,OPM Love Songs,10
YBOoQcoPL1I,The Best Of Louis Armstrong (2h),Download the full album (50 tracks) : http://amzn.to/1uEzM6t BnF collection sonore presents the best of Louis Armstrong : 1) Louis Armstrong and his Orchestra ...,BnF collection sonore ‚Äì Jazz & Blues,10
kgfoL0Puskg,18. Vodacom BEST OF THE BEST : PRIME 3,Tu devras cr√©er tel est le th√®me de ce 3√®me prime L'album des 12 pour la premi√®re fois sur sc√®ne.,Vodacom Best of the Best,10
_fzJGxpcenc,Styx - The Best Of Times (Official Video),Music video by Styx performing The Best Of Times. (C) 1981 A&M Records http://vevo.ly/Uixn7Y Best of Styx: https://goo.gl/n2JFbN Subscribe here: ...,StyxVEVO,10
Rb0UmrCXxVA,The Best of Mozart,Buy the MP3 album on the Official Halidon Music Store: http://bit.ly/2qsbyj3 iTunes & Apple Music: https://apple.co/2UlEXsR Listen to our playlist on Spotify: ...,HALIDONMUSIC,10
sx2YXnVRWKs,"Rain, Rain Go Away - THE BEST Songs for Children | LooLoo Kids",LooLoo Kids on SPOTIFY https://tiny.cc/bbn5ez Subscribe to our channel because new videos are uploaded every week! http://bit.ly/Subscribe_to_LooLooKids ...,LooLoo Kids - Nursery Rhymes and Children's Songs,10
EqIAhmd3Glc,The Best of U2 - U2 Greatest Hits Full Album,The Best of U2 - U2 Greatest Hits Full Album The Best of U2 - U2 Greatest Hits Full Album The Best of U2 - U2 Greatest Hits Full Album ...,Music Collection,10
8uBogGMtYuQ,Kiesza - You&#39;re The Best (Official Music Video),"""You're The Best"" Available now: https://kiesza.lnk.to/yourethebest Follow Kiesza: http://instagram.com/kiesza https://www.facebook.com/Kiesza ...",Kiesza,10
L5skSFHVJHk,Top 50 Best Classical Violin Music,"Online purchase or streaming (Spotify, iTunes, Amazon Music, Deezer, Google Play): https://brilliant-classics.lnk.to/Top50Violin Available for licensing: ...",Brilliant Classics,10
N9rdReSnQtw,191124 5TH MUSTER IN CHIBA - BEST OF ME (BTS JUNGKOOK FOCUS) Î∞©ÌÉÑÏÜåÎÖÑÎã® Ï†ïÍµ≠,Ï†ïÍµ≠Ïù¥ Îπ®Î¶¨ Îõ∞ÏóàÎÑ§Ïöî Î™ª Ïû°ÏïÑÏÑú ÏûòÎùºÏÑú Ïò¨Î†∏Ïñ¥Ïöî Í∑ºÎç∞ Î¨¥ÎåÄ Îäò Ïó¥Ï†ïÏ†ÅÏúºÎ°ú Ìï¥ÏÑú ÎÑàÎ¨¥ Ï¢ãÏïÑ„Öú„Öú ÎÅùÏóê ÏïΩÍ∞Ñ ÎÜÄÎùºÏÑú Ï¢Ä ÌÅ¨Í≤å ÌùîÎì§Î†∏Ïñ¥Ïöî. Ïû¨ÏóÖÎ°úÎìú...,MADE IN 1997,10
mrZkZ_ndoIY,Berywam - 6 Best Songs Of 2019 (Beatbox),"Our Top 6 Songs Of 2019 !! What's your favorite one ? Lil Nas X - Panini Y2K, bbno$ - Lalala Billie Eilish - bad guy Shawn Mendes, Camila Cabello ...",Berywam,10
Q59Hbseycgk,Krist√≠na - Si pre m≈àa best   prod. Martin Kavuliƒç (Ofici√°lny videoklip),Web: http://kristinapelakova.sk ‚Ä¢ Facebook: http://fb.com/kristinapelakova ‚Ä¢ Instagram: http://instagram.com/kristinapelakova ‚Ä¢ iTunes: http://bit.ly/matsrdceitunes ...,Krist√≠na Pel√°kov√°,10
mV6LsR2jCjs,Marvin Sapp - The Best In Me (Official Music Video),Marvin Sapp's official music video for 'The Best Of Me'. Click to listen to Marvin Sapp on Spotify: http://smarturl.it/MSappSpotify?IQid=MSappBest As featured on ...,MarvinSappVEVO,10
eDt_sHmSytw,Stuu - Best Life ft. Lexy (Official Music Video),Pos≈Çuchaj na Spotify ‚ûõ https://bit.ly/2YSaxoo Subskrybuj ‚ûõ https://goo.gl/qL5Qho ‚Ä¢TEAM X‚Ä¢ Lexy‚ñª ...,Stuu,10
pm36k08jQ0M,Monstercat - Best of 2016 (Album Mix) [2.5 Hours of Electronic Music],Support on all platforms : https://Monstercat.lnk.to/Best2016 --- ‚ñΩ Follow Monstercat Snapchat: https://www.snapchat.com/add/monstercat YouTube: ...,Monstercat: Uncaged,10
vggLspSf7tw,Talking Heads: Worst to Best,Ranking the eight studio albums of pioneering new wave outfit Talking Heads. More WORST TO BEST: ...,theneedledrop,10
0rC8dwKkSW4,Daniel Caesar &quot;Best Part&quot; Live at Java Jazz Festival 2018,"Daniel Caesar performs Best Part live at the Jakarta International Java Jazz Festival 2018 March 3rd - D2 Hall JIEXPO Kemayoran, Jakarta, Indonesia Daniel ...",JavaJazzFest,10
2MVoTFROTbQ,SUNDAY POWERFUL MURUGAN TAMIL SONGS | Lord Murugan Tamil Padalgal | Best Tamil Devotional Songs,Watch ‚ñª SUNDAY POWERFUL MURUGAN TAMIL SONGS | Lord Murugan Tamil Padalgal | Best Tamil Devotional Songs #AmmaBhathiChannel ...,Amma Devotional,10
rj73lCWeZQw,"Chill Out Music Mix üå∑ Best Chill Trap, Indie, Deep House ‚ô´","Chill Out Music Mix Best Chill Trap, Indie, Deep House ‚ô´ ‚ö° Magic Spotify: https://lnk.to/magicmusic Magic No Copyright Music & USAGE POLICY: ...",Magic Music,10
upFyMb4f7J4,The Best Of Ella Fitzgerald,Discover our Christmas album here: https://discover.lnk.to/ChristmasSongs 01 - 00:00 - Summertime 02 - 04:57 - Dream a Little Dream of Me 03 - 08:04 - Cheek ...,Jazz and Blues Experience,10
wmkvYloke1I,Lil Muk &quot;Best For You&quot; (WSHH Exclusive - Official Music Video),"Watch the official music video for ""Best For You"" by Lil Muk. Follow on Instagram https://www.instagram.com/lilxmukk/ #LilMuk #Philly SUBSCRIBE for more ...",WORLDSTARHIPHOP,10
jjnyeZLNb3E,The Best of Baroque Music,Buy the MP3 album on the Official Halidon Music Store: http://bit.ly/2yKdLv1 Listen to our Baroque playlist on Spotify: http://spoti.fi/2hzrJXo Stream the album ...,HALIDONMUSIC,10
5NgaS50hFpc,BABY MOZART #303 Best of Mozart Baby Sleep and Bedtime Music by Baby Relax Channel,"PLEASE CLICK THE BELL TO GET UPDATES AND DON'T FORGET TO ‚ñª SUBSCRIBE! ‚ñªhttp://goo.gl/v7xvcY Our FREE Application ""Lullabies for Babies"": ...",Baby Relax Channel,10
E2PglxuFtUg,The Best of Ray Charles (full album),Discover our Christmas album here: https://discover.lnk.to/ChristmasSongs Tracklist: 00:00 - Hit the Road Jack 01:58 - Georgia On My Mind 05:36 - I've Got a ...,Jazz and Blues Experience,10
KWOmboz-PkU,Trap Nation: 2019 Best Trap Music,Trap Nation: 2019 Best Trap Music Submit your music: https://trap.nations.io Trap Nation on Apple Music: https://apple.co/2AcAWz7 Trap Nation on Deezer: ...,Trap Nation,10
sNog54ovi8Q,KIDZ BOP Kids - Best Day Of My Life (Dance Along),"Get movin' with the KIDZ BOP Kids to ‚ÄúBest Day Of My Life‚Äù! Then, show us how YOU stay active by posting a video with the hashtag, #MoveItMarch.",KIDZ BOP,10
Y66j_BUCBMY,American Authors - Best Day Of My Life (Official Video),"""What We Live For‚Äù OUT NOW: iTunes: http://smarturl.it/WhatWeLiveForPre Amazon: http://smarturl.it/aWhatWeLiveForPre Google Play: ...",AmericanAuthorsVEVO,10
q59ZZtiLgYU,Best of Hot Funky House Music - Top Deep Jazzy Disco Megamix,Subscribe Now: http://bit.ly/irmachannel1 Buy Now: https://lnk.to/HotFunkyHouse Enjoy 2 Hours Best of Hot Funky House Music - Top Funky Megamix selected ...,IRMA records Official,10
g4LOpDVkzD0,The Best Of Opera Masterpieces . 6 Hours CLASSICAL MUSIC NON STOP.,Enjoy 6 Hours Classical Music with the biggest Opera Areas of all time. 00:00 Turandot;Nessun dorma;Puccini 03:00 Carmen;Habanera;Bizet 07:25 Il Trovatore ...,Classical Tunes,10
uYaPF5wZNEo,The Best of Piano,Buy the MP3 album on the Official Halidon Music Store: http://bit.ly/2N1XCIG Stream it on Spotify: https://spoti.fi/2N3PRCj iTunes & Apple Music: ...,HALIDONMUSIC,10
B4Hk6qDgQjA,Gary Allan - Best I Ever Had,Gary's back with a NEW Single! Get it now on iTunes http://smarturl.it/EveryStorm Best of GaryAllan: https://goo.gl/ZXEDr1 Subscribe here: https://goo.gl/FzMD86 ...,GaryAllanVEVO,10
4i0TnNI6U-w,The Best of Wagner,"Buy ""100 Classical Pieces"" (MP3 album) on the Official Halidon Music Store: http://bit.ly/2MORVOx Listen to ""The Best of Classical Music"" on Spotify: ...",HALIDONMUSIC,10
iiChxN0T2kA,The Best of Schubert,"Buy ‚ÄúSolo Piano Masterpieces: The Romantic Era‚Äù (MP3 album) on the Official Halidon Music Store: http://bit.ly/2vMDwcj Listen to ""The Best of Classical ...",HALIDONMUSIC,10
tkfwqGa5UrM,üíï 2019 SPECIAL ‚ù§Ô∏è HEART TOUCHING JUKEBOXüíï | BEST SONGS COLLECTION ‚ù§Ô∏è| BOLLYWOOD ROMANTIC JUKEBOXüíï,https://www.youtube.com/watch?v=44qxn4trKJU‚ù§Ô∏è‚ù§Ô∏è   ‚úì‚úìYOU CRY AFTER LISTEN THIS ONE   ...,BOLLYWOOD ROMANTIC JUKEBOX,10
44wPKPi9B58,üéÖSanta Shark ü¶à- Christmas BEST SONGS for Kids | LooLoo KIDS,Sing with Santa Shark and Johny. Baby Shark -‚ùÑ christmas version. Best Christmas songs for kids featuring fun and upbeat music. Sing along to your favorite ...,LooLoo Kids - Nursery Rhymes and Children's Songs,10
t2WUhaKFfV0,BABY MOZART Best of Mozart Baby Sleep and Bedtime Music by Baby Relax Channel,"PLEASE CLICK THE BELL TO GET UPDATES AND DON'T FORGET TO ‚ñª SUBSCRIBE! ‚ñªhttp://goo.gl/v7xvcY Our FREE Application ""Lullabies for Babies"": ...",Baby Relax Channel,10
7KB3PPdvz_M,Pistol Annies - Best Years of My Life (Official Audio),"Listen to ‚ÄúBest Years of My Life‚Äù now from the upcoming Pistol Annies album, Interstate Gospel: Apple Music: http://smarturl.it/InterstateGospel/applemusic?",PistolAnniesVEVO,10
ugRw7GFcu3w,The National - live at Best Kept Secret 2018,Setlist: 00:46 - Nobody Else Will Be There 05:15 - The System Only Dreams in Total Darkness 09:46 - Don't Swallow The Cap 14:34 - Walk It Back 20:39 - Guilty ...,3voor12,10
QbhmTM1cRro,ÎßàÎßàÎ¨¥ (MAMAMOO) - ÎÑå is Î≠îÎì§ (You&#39;re the best) MV,"Í∞ÄÏû• ÎßàÎßàÎ¨¥Îã§Ïö¥ Ïï®Î≤î, [ÎßàÎßàÎ¨¥ is Î≠îÎì§] - Îã§ÏñëÌïú Í∞êÏ†ïÏùò Î≥ÄÏ£ºÎ•º ÏÑ†ÏÇ¨ÌïòÎ©∞ ÎßàÎßàÎ¨¥Î•º Í∑∏ÎåÄÎ°ú ÎÖπÏó¨ÎÇ∏ 'Original MAMAMOO' Ïï®Î≤î Î∞úÎß§ - ‚ÄúÍ∑ÄÏôÄ ÎßàÏùåÏùÑ...",Stone Music Entertainment,10
l6qLtarUJnQ,Travis Tritt - Best of Intentions (Official Video),Travis Tritt's official music video for 'Best Of Intentions'. Click to listen to Travis Tritt on Spotify: http://smarturl.it/TTSpot?IQid=TTBOI As featured on . Click to buy ...,TravisTrittVEVO,10
uTM0IPt2PTs,Russ - BEST ON EARTH (feat. BIA) (Official Audio),BEST ON EARTH ft. BIA is available here: https://Russ.lnk.to/BESTONEARTH Produced by Boi-1DA & Jahaan Sweet Mixed & mastered by Jaycen Joshua ...,RussVEVO,10
eaHbGNA8vnE,Wiz Khalifa - Best Life ft. Sosamann [Official Video],Produced by Tm88 Download Wiz Khalifa's Weed Farm for iOS and Android: http://weedfarm.wizkhalifa.com/install Follow Khalifa Kush here: ...,Wiz Khalifa,10
SUi5leRIR80,Bj√∂rk: Worst to Best,"At long last, here's how I'd rank the albums of Icelandic singer, songwriter, producer, arranger... pop avant-gardist, Bj√∂rk. More WORST TO BEST: ...",theneedledrop,10
0_Hwzvp75Ew,Best of Shreya Ghoshal Tamil Songs - Jukebox | Shreya Ghoshal Tamil Hits,Vinnaithaandi Varuvaayaa - Mannipaaya Mersal - Neethanae Raavanan - Kalvare I - Pookkalae Sattru Oyivedungal Maattrraan - Naani Koni Kayal - Yen Aala ...,Sony Music South,10
_K1mdeCeA1E,House Relax 2020 ( New &amp; Best Of Deep House Music | Chill Out Mix) Relaxing Music,House Relax 2020 ( New & Best Of Deep House Music | Chill Out Mix) Relaxing Music ‚úîÔ∏è Follow Magic Club ‚û§ Spotify ‚Üí https://spoti.fi/2M2OtAl ‚û§ YouTube ...,Magic Club,10
SOqwccdbCyg,Best EDM Music MIX 2019 by DJ Peretse #MEGAMIX 2286 [RADIO RECORD] Top 50 Popular Songs 2019,–õ—É—á—à–∏–µ –æ–Ω–ª–∞–π–Ω –∫–∞–∑–∏–Ω–æ —Å –±–µ–∑–¥–µ–ø–æ–∑–∏—Ç–Ω—ã–º–∏ –±–æ–Ω—É—Å–∞–º–∏ (–Ω–∞ 10000—Ä) https://www.100freespin.had.su –ò–∑ –∑–∞ –Ω–µ –∞–¥–µ–∫–≤–∞—Ç–Ω–æ–π –ø–æ–ª–∏—Ç–∏–∫–∏...,MEGAMIX,10
BqH9g6muaoc,ÎØ∏Î¶¨ Í≤®Ïö∏ÏùÑ Ï§ÄÎπÑÌïòÎäî ÎãπÏã†ÏùÑ ÏúÑÌïú Îî∞ÎúªÌïú ÎÖ∏Îûò Playlist | Best Winter Pop mix,ÏïÑÏßÅ ÎÇôÏóΩÎèÑ Ï†úÎåÄÎ°ú ÏïàÎñ®Ïñ¥Ï°åÎäîÎç∞ Í≤®Ïö∏Ïù¥ Îã§Í∞ÄÏôîÎÑ§Ïöî Íº≠ ÏàòÎä•Ïù¥ Í≤®Ïö∏Ïùò ÏãúÏûëÏù∏Í±∞ Í∞ôÎã® ÎßêÏù¥Ï£† ÏàòÎä• Î≥¥Ïã† Î∂ÑÎì§ Î™®Îëê Ï¢ãÏùÄ Í≤∞Í≥º ÏûàÍ∏∏ Î∞îÎûçÎãàÎã§!!...,Play the Music,10
lq3xOGbF2Po,Best of 2012 Pop Mashup | Call Me Maybe x Payphone x Wide Awake x Starships | Anthem Lights,Download this song here: https://itunes.apple.com/us/album/best-2012-payphone-call-me/id1038147799?i=1038148683 Support us on Patreon!,Anthem Lights,10
HT0zT_oFIFI,Best Mashups Of Popular Songs | Best Club Music Mix 2019 #5 [25k Subscriber Special]üî•üéâ,Thank you ALL for 25k subscribers on this channel‚ù§Ô∏è     To thank you I will release another LIVEMIX of one of my latest gigs. Let's celebrate together this ...,Darley Jefferson,10
5k8dhZx1dlo,"18-JUN-2017// BEST KEPT SECRET, HILVARENBEEK, NL",www.radiohead.tv.,Radiohead,10
ocr-MDMmvws,ÂÆâÁî∞„É¨„Ç§„ÄÄ„ÄéBest of my Love (Short ver.)„Äè,iTunes:Ôºöhttps://itunes.apple.com/jp/artist/an-tianrei/id656607894?at=10lpgB&ct=70007557_yt Official facebook Ôºö https://www.facebook.com/yasudareiofficial ...,Sony Music (Japan),10
VA8hzUDXvtk,Sage Francis - &quot;The Best Of Times&quot;,"LI(F)E is available on CD, vinyl, and more available at: https://store.strangefamousrecords.com/search?q=sage+francis+life Also available on iTunes, Bandcamp ...",ANTI- Records,10
OTQ2L0-KwAc,UKF Drum &amp; Bass: Best of Drum &amp; Bass 2018 Mix,Wrapping up 2018 with an exclusive mix starring a selection of some of our favourite uploads from the past year. Merry Christmas! ‚óã Listen to these tracks on ...,UKF Drum & Bass,10
EmZF3kBZQ6E,The Best of Haydn,"Buy ""100 Classical Pieces"" (MP3 album) on the Official Halidon Music Store: http://bit.ly/2SVYgMM Listen to ""The Best of Classical Music"" on Spotify: ...",HALIDONMUSIC,10
hWu5Xxt_aOI,PARTYNEXTDOOR - Best Friends [Official Audio],Listen to SEVEN DAYS: https://ovosound.io/sevendays Instagram: https://www.instagram.com/partynextdoor Twitter: https://twitter.com/partynextdoor Website: ...,PARTYNEXTDOOR,10
xJvvwrnqjGs,The Best of Dvo≈ô√°k,Buy ‚ÄúDvorak: The New World Symphony‚Äù on the Official Halidon Music Store: https://bit.ly/2PWSN62 ‚ô´ Buy ‚Äú100 Classical Pieces‚Äù on the Official Halidon Music ...,HALIDONMUSIC,10
JWhA3ldZcyY,Shiva Shambho: Most Watched Bharatanatyam Dance | Best of Indian Classical Dance,"To invite this group for a live concert, please visit https://indianraga.com/live or email info@indianraga.com Dance adaptation of Parshwanath Upadhye's ...",IndianRaga,10
GXetnBHF1oY,Weezer: Worst to Best,Ranking the 13 studio albums by L.A. pop rock band Weezer from worst to best! How deserving is their discography of its spotty reputation? More WORST TO ...,theneedledrop,10
BegxZsFDINk,"Foo Fighters - Best Of You (from Skin And Bones, Live in Hollywood, 2006)","Foo Fighters performing ""Best Of You"" from Skin And Bones, Live in Hollywood, 2006 Listen to the Foo Fighters: https://FooFighters.lnk.to/ListenYD Subscribe to ...",foofightersVEVO,10
Rmt10X1NUVs,Acoustic Classic Rock | Best Classic Rock Songs Of 80s 90s,Acoustic Classic Rock | Best Classic Rock Songs Of 80s 90s Acoustic Classic Rock | Best Classic Rock Songs Of 80s 90s Acoustic Classic Rock | Best Classic ...,Music Collection 2019.,10
tUfMqj8Y3ZA,Acoustic Road Trip Songs | Driving Songs Playlist | Best Driving Rock Music,Acoustic Road Trip Songs | Driving Songs Playlist | Best Driving Rock Music Acoustic Road Trip Songs | Driving Songs Playlist | Best Driving Rock Music ...,Music Collection 2019.,10
GqgDM8f_Uc0,Kanye West&#39;s &#39;My Beautiful Dark Twisted Fantasy&#39; Named Best Album Of The Decade,It's been almost 10 years since Kanye West's ‚ÄúRunaway‚Äù was in the Billboard Top 40. While it's difficult for music fans to reconcile who Kanye is today with the ...,HipHopDX,10
1eNSWZ4x2ZU,Whiskey Blues | Best of Slow Blues/Rock #1,1 Hour Collection of some of the finest guitar driven slow electric #Blues / #BluesRock ballads for a relaxing evening while having a quality drink. Enjoy!,Don's Tunes,10
5896syoWgKA,Summer Music Mix 2019 | Best Of Tropical &amp; Deep House Sessions Chill Out #34 Mix By Music Trap,Tropical Deep House | Summer Mix 2019 Subscribe: http://bit.ly/MusicTrapChannel ‚û°Ô∏è Thanks To: Deep Disco Records & Deep Territory Records Deep ...,Music Trap,10
Gd4rJXxswxY,Using The Reason Rack Plugin In Logic Pro X - The Best Of Both Worlds? | Reason 11,The Reason Rack Plugin for Logic Pro X is out! In this video we look at how it's used in Logic Pro X | Get a 30-day free trial of Reason 11: ...,Stefan Guy,10
GOp889W0u9A,The Best Praise and Worship Songs || Best Christian Music || Praise The Lord,The Best Praise and Worship Songs || Best Christian Music || Praise The Lord https://youtu.be/GOp889W0u9A The purpose of these videos is to support and ...,Musics Praise,10
Cnfj6QCGLyA,The Best Relaxing Piano &amp; Flute Music Ever,Meditation Relax Music Channel presents music by Dean Evenson and Tom Barabas from the album WINDDANCER. You can learn more about their music at ...,Meditation Relax Music,10
jGMYIwk_0Tk,"BTS Superlatives: Find Out Who&#39;s the Best Singer, Rapper &amp; Dancer | Billboard","Subscribe for The Latest Hot 100 Charts & ALL Music News! ‚ñª‚ñª https://bitly.com/BillboardSub Billboard News: New Channel, Same Awesome ...",Billboard,10
0Tb5TkB0t9w,Richard Clayderman - Greatest hits of Piano - The Very Best of Richard Clayderman,Richard Clayderman Greatest hits of Piano The Very Best of Richard Clayderman.,Best Piano Music,10
uu8sC7YDOZg,Radiohead: Worst To Best,"The wait is over (well, for some of you) - here I am ranking Radiohead's studio albums from worst to best! Like last time, I'm trying to take into account my own ...",theneedledrop,10
hEZ2m9LvnoY,Top 20 Romantic Hindi Songs November 2019 - Best HinDi New SonGs 2019 NOVEMBER,Top 20 Romantic Hindi Songs November 2019 - Best HinDi New SonGs 2019 NOVEMBER https://youtu.be/hEZ2m9LvnoY ...,BOLLYWOOD ROMANTIC SONGS,10
ExLnkqXCBYI,"Jacques Higelin, le best of | Archive INA","Abonnez-vous http://bit.ly/inachansons Jacques Higelin ""Quand j'improvise"" Jacques Higelin ""Chope la soupape"" Jacques Higelin et Brigitte Fontaine ""Cet ...",Ina Chansons,10
P6sz5b2w9Zc,The Best of Verdi,"Buy the MP3 album ""Giuseppe Verdi: Chamber Arias"" on the Official Halidon Music Store: ‚ñ∑‚ñ∑ Order ‚ÄúVerdi ‚Äì Essential Classic‚Äù [3CD] on Amazon: ...",HALIDONMUSIC,10
4kgpyetO0VU,Best of 2018 Tamil Love Hit Songs - Juke Box | #TamilSongs | 2018 Latest Tamil Songs,"Listen to Best of 2018 Tamil Love Hit Songs, #TamilSongs2018 Chekka Chivantha Vaanam - Mazhai Kuruvi Madras Gig - Orasaadha Sarkar - OMG Ponnu ...",Sony Music South,10
im7Eyl9HY-k,Love Songs in Piano: Best Romantic Music,Buy the MP3 album on the Official Halidon Music Store: http://bit.ly/2SRHCsv Stream it on Spotify: https://spoti.fi/2JEmPXA iTunes & Apple Music: ...,HALIDONMUSIC,10
O6OTj7VcmzA,SIRI PICKS THE BEST ALBUMS ONCE MORE,Siri is back once more to dish out some hot music takes! Part 1: https://www.youtube.com/watch?v=FgKAF_j11c8 Part 2: ...,theneedledrop,10
vOhLbA-B-bE,Best Coast - Feeling Ok,"Get the new Best Coast album, California Nights: iTunes: http://smarturl.it/BC_CaliNights Amazon: http://smarturl.it/BC_AMZ Google Play: ...",BestCoastVEVO,10
pgha2OTkyFE,"The Best of Tango with Astor Piazzolla, Nuevos Aires and Jorge Arduh Orchestra","Buy the MP3 album on the Official Halidon Music Store: http://bit.ly/2KQMxrw Listen to our playlist on Spotify: http://bit.ly/TheBestOfTango Order ""Astor ...",HALIDONMUSIC,10
0Wa_CR0H8g4,NEFFEX - Best of Me [Official Video],"Our new EP Q203 is out nowü§ò Get it!! smarturl.it/NeffexQ203 EUROPEAN TOUR TICKETS: https://www.bandsintown.com/a/11032120?came_from=257 ""Best of ...",NEFFEX,10
24ggP8lghHM,Best Urdu Poetry Collection ||2 Line Sad Poetry || Rj Adeel || 2 Line Urdu Poetry | New Urdu Poetry,Best Urdu Poetry Collections Present : 2 Line Sad Poetry ( sad Urdu Lyrics ) ------------------------------------------- Voice By : Rj Adeel Hassan.,Best Urdu Poetry Collection,10
yM_psdd1bT8,Best of Music 2019 ‚ô´ Female Vocal Gaming Music Mix 2019 ‚ô´ Trap x House x Dubstep x EDM,Best of Music 2019 ‚ô´ Female Vocal Gaming Music Mix 2019 ‚ô´ Trap x House x Dubstep x EDM ‚ñ≠‚ñ≠‚ñ≠‚ñ≠‚ñ≠‚ñ≠‚ñ≠‚ñ≠‚ñ≠‚ñ≠‚ñ≠‚ñ≠‚ñ≠‚ñ≠‚ñ≠‚ñ≠‚ñ≠‚ñ≠‚ñ≠‚ñ≠‚ñ≠‚ñ≠‚ñ≠‚ñ≠‚ñ≠‚ñ≠‚ñ≠ ‚ô¢ All ...,7even Cloud,10
o8L2D2XkByA,Khruangbin - live at Best Kept Secret 2018,Setlist: 0:03 Dern Kala 3:29 August 10 9:02 Mr. White 13:36 Two Fish and an Elephant 17:53 Lady and Man 22:31 Evan Finds the Third Room 28:32 White ...,3voor12,10
RIJtfWu0b_w,BTS (Î∞©ÌÉÑÏÜåÎÖÑÎã®) Rehearsal Stage CAM &#39;Best of Me&#39; @4th MUSTER #2018BTSFESTA,BTS Official Homepage http://bts.ibighit.com BTS Blog http://btsblog.ibighit.com BTS Facebook https://www.facebook.com/bangtan.official.,BANGTANTV,10
2ovZyaP4UjU,Vybz Kartel - Best Place Pon Earth (Raw Version),"Playlist Best of Vybz Kartel: https://goo.gl/4RQkc9 Subscribe for more: https://goo.gl/iqxRUy Vybz Kartel ""Best Place Pon Earth"" Produced By Adidjahiem Records ...",VybzKartelVEVO,10
cujpd2O6_nw,Five Little Ducks - THE BEST Songs for Children | LooLoo Kids,LooLoo Kids on SPOTIFY https://tiny.cc/bbn5ez Subscribe to our channel because new videos are uploaded every week! http://bit.ly/Subscribe_to_LooLooKids ...,LooLoo Kids - Nursery Rhymes and Children's Songs,10
XYdKTj4IcDY,Best EDM Electro &amp; Future House Mashup Party Mix (Mashup Pack Vol.5),FREE DOWNLOAD: https://hypeddit.com/track/0yyxjd ‚úò Crunkz Spotify Playlist: https://spoti.fi/2Rv4WwO ‚úò Tracklist: soon on tl1001 ‚Ä¢ Follow Crunkz: ...,Crunkz,10
iZFKsjTLBCI,Nina Nesbitt - The Best You Had (Official Video),"'The Best You Had' - Download or stream here https://NN.lnk.to/TBYHYo For live dates and the latest news, sign up to Nina Nesbitt' mailing list: ...",NinaNesbittMusicVEVO,10
3w8emF1O2UQ,"Best Music Mix 2019 ‚ô´ Trap, House, Dubstep, EDM ‚ô´ Gaming Music 2019 Mix","Best Music Mix 2019 ‚ô´ Trap, House, Dubstep, EDM ‚ô´ Gaming Music 2019 Mix ‚ñ≠‚ñ≠‚ñ≠‚ñ≠‚ñ≠‚ñ≠‚ñ≠‚ñ≠‚ñ≠‚ñ≠‚ñ≠‚ñ≠‚ñ≠‚ñ≠‚ñ≠‚ñ≠‚ñ≠‚ñ≠‚ñ≠‚ñ≠‚ñ≠‚ñ≠‚ñ≠‚ñ≠‚ñ≠‚ñ≠‚ñ≠ ‚ô¢ All rights belong to ...",7even EDM,10
jgwAUHnHxK0,Bruno Mars - Best of #FinesseFridays,"The official video for Bruno Mars' ""Best of #FinesseFridays"" featuring Cardi B - Available Now: https://Atlantic.lnk.to/FinesseRemixID Watch the official music ...",Bruno Mars,10
yuzQaR4Rmr8,Dimitri Vegas and Like Mike vs. Paris Hilton - Best Friend&#39;s Ass (Official Music Video),"Vote for ""Dimitri Vegas & Like Mike"" as your no1 on Top 100 DJ's ‚ù§Ô∏è http://smashdjmag.com/youtube Stream Best Friend's Ass here: ...",Dimitri Vegas & Like Mike,10
9HvCLsThv8I,Inayah - Best Thing (Official Video),"Directed by Michelle Parker Stream ""Best Thing"" now! https://Empire.lnk.to/BestThingYo #Inayah #BestThing #InayahlatorEnterprise Official Music Video by ...",Inayah Lamis,10
W-TeaVxcNoU,PRINCE BEST INTERVIEW AND PERFORMANCE,PRINCE BEST INTERVIEW AND PERFORMANCE I fortunately first saw and met Prince in person at the 1994 American Music Awards Rehearsal while ...,Joe Little3rdTV,10
_s5JQkJ6t6I,[MV] RAIN(ÎπÑ) _ The Best Present(ÏµúÍ≥†Ïùò ÏÑ†Î¨º) (Prod. By PSY),[MV] RAIN(ÎπÑ) _ The Best Present(ÏµúÍ≥†Ïùò ÏÑ†Î¨º) (Prod. By PSY) *English subtitles are now available. :D (Please click on 'CC' button or activate 'Interactive ...,1theK (ÏõêÎçîÏºÄÏù¥),10
591IG9640h8,Best Of 2019 Mix ‚ô´‚ô´ Gaming Music ‚ô´ Trap x House x Dubstep x EDM,Best Music Mix 2019 ‚ô´‚ô´ Gaming Music ‚ô´ Trap x House x Dubstep x EDM ‚úîÔ∏è Listen on Spotify: ...,Cloudx Music,10
SdRn1V0vFbU,Country Songs 2019 | Best Country Songs 2019 | Country Music Playlist 2019,Country Songs 2019 | Best Country Songs 2019 | Country Music Playlist 2019 Country Songs 2019 | Best Country Songs 2019 | Country Music Playlist 2019 ...,Country Home,10
lBTRIEXto3k,BEST PART- Bugoy Drilon,I forgot some of the lyrics so forgive me guys and enjoy the quick jamming with my brother kem alia...,Bugoy Drilon,10
APoGyJqeeKw,Kanye West: Worst To Best,"I think the title here pretty much explains itself. This is me listing Kanye's albums from worst to best, taking into account my personal taste and how pivotal each ...",theneedledrop,10
5VB1RvyfISM,"The Best of Classical Music - 50 Greatest Pieces: Mozart, Beethoven, Chopin, Bach...",Buy the MP3 album on the Official Halidon Music Store: http://bit.ly/2qynuh9 iTunes / Apple Music: https://apple.co/2H76efy Order the Box Set (3 CDs) on ...,HALIDONMUSIC,10
B9_NZXgEA0M,LET&#39;S ARGUE: Best Album of the Decade Pt. 2,"Part 1: https://www.youtube.com/watch?v=qbaCPnHqKjM This batch of albums includes Flower Boy, Kaputt, Sunbather, Emotion, Blackstar, The Monitor, Flume, ...",fantano,10
wOFjmdkkORQ,The Best Funky House Mix 2019 / Mixed by Gigi de Paschketyni - Session38 + TRACKLIST,"1. CamelPhat - NYP2 (Original Mix) 2. Bratt - I Love It 3. Alessio Mosti, Mirco Martini - Say What 4.DJ KONE & MARC PALACIOS - Sat & sun 5. Robosonic ...",Gigi de Paschketyni,10
Slr5Dn2bBxg,CHRISTMAS Songs Medley 2020 - Best Non-Stop Christmas Songs Medley 2019-2020,CHRISTMAS Songs Medley 2020 - Best Non-Stop Christmas Songs Medley 2019-2020 ------------------------------------------------------------ ¬© Follow Music Home!,MUSIC HOME,10
q9JdOCTrdhM,SOFI TUKKER x Oliver Heldens - Best Friend (Remix) [Ultra Music],"SOFI TUKKER x Oliver Heldens - Best Friend feat. NERVO, The Knocks & Alisa Ueno (Remix) SOFI TUKKER x Oliver Heldens - Best Friend feat. NERVO, The ...",Ultra Music,10
VfPGNafN8K8,The Most Beautiful Classical Melodies | 3 Hours Of The Best Classical Music,This sublime compilation will take listeners on a journey through 3 hours of the most beautiful classical music ever written. A compilation with some of the best ...,Brilliant Classics,10
wGyh_53ecgg,Ed Sheeran - Best Part Of Me (feat. YEBBA) (Live At Abbey Road),Stream or Download Beautiful People: https://atlanti.cr/BestPartOfMe Download or Stream No.6 Collaborations Project - out now: https://atlanti.cr/No6 Tickets for ...,Ed Sheeran,10
AlZi6LYfAs0,The Best Relaxing Classical Music Ever - Relaxation Meditation Focus Reading Tranquility,Subscribe and turn on notifications to be alerted of our uploads! Facebook ‚ñªhttps://www.facebook.com/Classical-Music-632527326820785/?ref=hl 00:00:01 ...,Classical Tunes,10
HRkU0w2-UMk,BEST - Anƒëeli [Official video 2019.],BEST - Anƒëeli 2019. Zabranjeno kopiranje! Svaka neovla≈°tena kopija bit ƒáe uklonjena! Booking Cro: grupabestmusic@gmail.com Booking Slo: ...,GRUPA BEST OFFICIAL,10
AJW00gx4wvE,Best Coast - The Only Place,The Only Place is the first single taken from the band's new album of the same title. http://www.wichita-recordings.com/shop/category/best-coast/ Watch more ...,wichitarecordings,10
-zCF1-emakY,One Direction - Best Song Ever (Audio),One Direction ‚Äì Best Song Ever (Official Audio) Follow On Spotify ‚Äì https://smarturl.it/1D_TTSp Listen on Apple Music ‚Äì https://smarturl.it/1D_AMEss Amazon ...,OneDirectionVEVO,10
s-wmEgwHTT8,Most Popular Violin Covers of Popular Songs 2018    Best Instrumental Violin Covers 2018,Most Popular Violin Covers of Popular Songs 2018 Play Plist Thanks for whatching See more popular violin here: https://youtu.be/_mUGvGbbZ0o Please ...,Violin Instrumental,10
_sHAtFtQQ2c,"Westlife, Michael Learn To Rock, Backstreet Boys, Shayne Ward - Best Love Songs Playlist 2020","Westlife, Michael Learn To Rock, Backstreet Boys, Shayne Ward - Best Love Songs Playlist 2020 Thanks for watching. If you like video please ""SUBSCRIBE"" ...",H∆∞∆°ng H∆∞∆°ng,10
BJfTAXmKYNE,Anthony Hamilton - Best Of Me (Official Audio),"""Anthony Hamilton's official audio for 'Best Of Me'. Click to listen to Anthony Hamilton on Spotify: http://smarturl.it/AHSpot?IQid=AnthonyHBOM As featured on ...",anthonyhamiltonVEVO,10
7d1Ia9A6AtY,Îß§Ïùº Îß§Ïùº Îì£Í≥† Ïã∂Ïñ¥ÏßÄÎäî Ï¢ãÏùÄ ÎÖ∏Îûò BEST TOP 50 | Ï¢ãÏùÄ Î∞úÎùºÎìú ÎÖ∏ÎûòÎ™®Ïùå,Îß§Ïùº Îß§Ïùº Îì£Í≥† Ïã∂Ïñ¥ÏßÄÎäî Ï¢ãÏùÄ ÎÖ∏Îûò BEST TOP 50 | Ï¢ãÏùÄ Î∞úÎùºÎìú ÎÖ∏ÎûòÎ™®Ïùå https://youtu.be/7d1Ia9A6AtY ...,Kpop Music,10
DaF5cwAl9LE,Tessanne Chin - Breakfast In Bed | Strictly The Best Vol. 60 | Official Audio,Stream The Album Now: https://VA.lnk.to/StrictlyTheBest60 STB 60 combines two discs of hits in one package. Disc 1 consists of reggae and lovers rock tracks.,VP Records,10
6K6H9FRrrRo,Deep House Mix  - Best Of Deep House Music Chill Out Mix 2020 By Magic Club,Deep House Mix - Best Of Deep House Music Chill Out Mix 2020 By Magic Club ‚úîÔ∏è Follow Magic Club ‚û§ Spotify ‚Üí https://spoti.fi/2M2OtAl ‚û§ YouTube ...,Magic Club,10
f_E1rjmoIAo,CCR  Greatest Hits - Best Songs of CCR  (HQ),CCR Greatest Hits - Best Songs of CCR (HQ) CCR Greatest Hits - Best Songs of CCR (HQ) CCR Greatest Hits - Best Songs of CCR (HQ) ...,Music Collection,10
_Q-QFSJQ580,Superfly - My Best Of My Life,5Êúà27Êó•ÔºàÊ∞¥Ôºâ„Å´Á¥Ñ3Âπ¥„Å∂„Çä„ÅÆ„Ç™„É™„Ç∏„Éä„É´„Ç¢„É´„Éê„É†„ÄéWHITE„Äè„ÅÆ„É™„É™„Éº„Çπ„ÅåÊ±∫ÂÆöÔºÅÔºÅ „Ç¢„É´„Éê„É†„Åã„Çâ„ÅÆÂÖàË°åÈÖç‰ø°„Ç∑„É≥„Ç∞„É´„ÄéWhite Light„Äè„Åå1Êúà21Êó•„Çà„ÇäÈÖç‰ø°„Çπ...,Warner Music Japan,10
S2T0TmT-ipU,"Best Music Mix 2019 ‚ô´‚ô´ Gaming Music ‚ô´ Trap, House, Dubstep, EDM","Best Music Mix 2019 ‚ô´‚ô´ Gaming Music ‚ô´ Trap, House, Dubstep, EDM 0:00 Far Out - On My Own (feat. Karra) 4:30 Unknown Brain - Why Do I_ (feat. Bri Tolani) ...",Cloudx Music,10
90G2pfpIhk0,Chrisette Michele - Best Of Me,Best of Chrisette Michele: https://goo.gl/Mx7JZv Subscribe here: https://goo.gl/njqdwa Music video by Chrisette Michele performing Best Of Me. (C) 2007 The ...,ChrisetteMicheleVEVO,10
gD9KU3_YXf8,Best Trap Music Mix 2019 ‚ö† Hip Hop 2019 Rap ‚ö† Future Bass Remix 2019 #68,Best Trap Music Mix 2019 ‚ö† Hip Hop 2019 Rap ‚ö† Future Bass Remix 2019 #68 Share Top 15 Trap Music Mix 2019: https://youtu.be/gD9KU3_YXf8 Submit ...,Dark Music,10
Ptk_1Dc2iPY,Canon in D (Pachelbel&#39;s Canon) - Cello &amp; Piano [BEST WEDDING VERSION],Subscribe and hit the bell to be notified of all videos! SHEET MUSIC: https://bit.ly/2Xp2H1r SPOTIFY: http://spoti.fi/29trf2v iTUNES: http://apple.co/1NhATCd ...,Brooklyn Duo,10
zKrxesI3ziE,The Best of Brahms,Buy the MP3 album on the Official Halidon Music Store: http://bit.ly/2V417nW Listen to our Best of Classical Music playlist on Spotify: https://spoti.fi/2kC56qq ...,HALIDONMUSIC,10
hYGxjTOdy-w,Best Trap Music Mix 2019 ‚ö† Hip Hop 2019 Rap ‚ö† Future Bass Remix 2019 #69,Best Trap Music Mix 2019 ‚ö† Hip Hop 2019 Rap ‚ö† Future Bass Remix 2019 #69 Share Top 15 Trap Music Mix 2019: https://youtu.be/hYGxjTOdy-w Submit ...,Dark Music,10
idjT32-cDFc,Top 20 Songs Of NEFFEX - Best of NEFFEX,Top 20 Songs Of NEFFEX - Best of NEFFEX Track list : 01. NEFFEX - Rumors 02. NEFFEX - Failure 03. NEFFEX - Careless 04. NEFFEX - Fight Back 05.,Magic Sound,10
MQM7CNoAsBI,"Chikni Chameli Best Video - Agneepath | Katrina, Hrithik | Shreya | Ajay-Atul",Chikni Chameli is the perfect mass Bollywood Hit song. This delightful song-dance item number by Katrina Kaif is a treat to watch out for. Song ‚Äì Chikni Chameli ...,SonyMusicIndiaVEVO,10
ay4OD77MAnA,Pop Hits 2020 | The Most Popular Songs 2020 | Best Pop English Songs Playlist,Pop Hits 2020 | The Most Popular Songs 2020 | Best Pop English Songs Playlist.,Musicas Ac√∫stico,10
3LZlHrB-Eio,Lenno - The Best (Lyric Video) ft. Dragonette,FB: http://www.facebook.com/lennomusic IG: https://instagram.com/helloimlenno ‚ñ∑‚ñ∑ Listen: http://UniversalFi.lnk.to/the-best Twitter: ...,LennoVEVO,10
dsBkZNb_JBI,Best Trap Music Mix 2019 ‚ö† Hip Hop 2019 Rap ‚ö† Future Bass Remix 2019 #67,Best Trap Music Mix 2019 ‚ö† Hip Hop 2019 Rap ‚ö† Future Bass Remix 2019 #67 Share Top 15 Trap Music Mix 2019: https://youtu.be/dsBkZNb_JBI Submit your ...,Dark Music,10
YeF_MnDfqmI,Michael Cera - ‚ÄúBest I Can‚Äù (feat. Sharon Van Etten)(Official Music Video),"https://twitter.com/TheDinaMovie https://www.facebook.com/TheDinaMovie/ DINA, The Groundbreaking Sundance Grand Jury Prize winner, v√©rit√© love-story ...",Pitchfork,10
_Nl5BGM6P6s,ABS-CBN Christmas Station ID 2011 - Da Best Ang Pasko Ng Pilipino (Lyrics),"Listen and watch the Official Lyric Video of ""Da Best Ang Pasko Ng Pilipino"" by Maria Aragon, the 2011 ABS-CBN Christmas Station ID. Subscribe to the Star ...",ABS-CBN Star Music,10
c23Z7jd6VLM,OutKast: Worst to Best,Ranking the six studio albums by legendary Atlanta hip hop duo OutKast. Volksgeist's channel: https://www.youtube.com/channel/UCikpumVCosztN-ZUthleRug ...,theneedledrop,10
CbarcWoZGl8,Top 10 Amazing Country Singers (AGT) (BGT) Best Got Talent &amp; X Factor Auditions Worldwide,"Top 10 Amazing Country Singers (AGT) (BGT) Best Got Talent & X Factor Auditions Worldwide, Top Country & Western Songs And Singers on America's Got ...",mike rayner videos,10
-xorObnNraM,Hardy Caprio - Best Life ft. One Acen (Official Video),Hardy Caprio - Best Life available everywhere now: https://HardyCaprio.lnk.to/HHUK Tickets to Hardy Caprio's UK tour: ...,Hardy Caprio,10
eZ8LEuPvK-Q,"Best Music Mix 2020 | ‚ô´ 1H Gaming Music ‚ô´ | Dubstep, Electro House, EDM, Trap #18","Best Music Mix 2020 | ‚ô´ 1H Gaming Music ‚ô´ | Dubstep, Electro House, EDM, Trap Subscribe on the channel We are a Music vlog/Label with the honor of ...",1DoBrasil Music,10
zgDR-A9ETE0,He&#39;s Got The Whole World In His Hand - Best SONGS for KIDS | LooLoo KIDS,"Best educational songs for children to learn and have fun at the same time! High quality recordings and educational content, dedicated to the most special ...",LooLoo Kids - Nursery Rhymes and Children's Songs,10
_2nRFWpxZ3U,The Best Year in Hip-Hop feat: James Acaster | DEHH,"Who knew that James Acaster, popular English comedian, was such a big fan of rap music? We learned this when he contacted us to be a part of his new ...",Dead End Hip Hop,10
HqijUQPPl_o,Lefty Hand Cream„É°„Éâ„É¨„Éº | Best of Lefty Hand Cream | Lefty Hand Cream Best Songs Full Album 2019,„Éô„Çπ„Éà„Éî„Ç¢„ÉéÊõ≤2019ÈõÜ „Éî„Ç¢„Éé„ÇΩ„É≥„Ç∞„É™„É©„ÉÉ„ÇØ„Çπ„Éª„Ç≥„É≥„Éî„É¨„Éº„Ç∑„Éß„É≥ ÂãâÂº∑„Å®„É™„É©„ÉÉ„ÇØ„Çπ„ÅÆ„Åü„ÇÅ„ÅÆ„Éô„Çπ„Éà„Éî„Ç¢„Éé„Ç≥„É¨„ÇØ„Ç∑„Éß„É≥ ÂãâÂº∑„Å®Áù°Áú†„ÅÆ„Åü„ÇÅ„ÅÆ2ÊôÇÈñì...,1 Hour Japan Music,10
Jjq6e1LJHxw,Ennio Morricone - The Best of Ennio Morricone - Greatest Hits (HD Audio),EnnioMorricone #EnnioMorriconeMusic #TheBestOfEnnioMorricone Maestro Ennio Morricone and his timeless masterpieces. New Ennio Morricone Playlists ...,EnnioMorriconeVEVO,10
fD4rxj7-uO0,Jacob Collier &amp; Daniel Caesar - Best Part (Live in Toronto),"Daniel Caesar joined me at The Opera House in Toronto for a spontaneous duo rendition of 'Best Part'. His beautiful new album CASE STUDY 01, on which I ...",Jacob Collier,10
h_L4Rixya64,Foo Fighters - Best Of You (Official Music Video),Foo Fighters' official music video for 'Best Of You'. Click to listen to Foo Fighters on Spotify: http://smarturl.it/FooFSpotify?IQid=F... As featured on Greatest Hits.,foofightersVEVO,10
jBobfoL_SKo,The Best Of YIRUMA   Yiruma&#39;s Greatest Hits ~ Best Piano,"Yiruma, nombre art√≠stico de Lee Ru-ma (Se√∫l, Corea del Sur, 15 de febrero de 1978), es un compositor de m√∫sica para piano. Est√° casado con Son Hye-im ...",Emilfe Aguilera,10
s2KmCOO4xd8,New Year Mix 2018 / Best Trap / Bass / EDM Music Mashup &amp; Remixes,New Year Mix 2018 / Best Trap / Bass / EDM Music Mashup & Remixes ‚ö° Magic Spotify: https://lnk.to/magicmusic Magic No Copyright Music & USAGE ...,Magic Music,10
jRS6cGbr3Og,Baby Shark - Best Dance Song for KIDS | LooLoo Kids,Fun kids song to sing and dance. Do you know the Baby Shark dance? Dance and sing along with us. Baby Shark best song for kids. Download our new app ...,LooLoo Kids - Nursery Rhymes and Children's Songs,10
beJXJVwD3v4,Best Marathi Abhang Ever | Ranjani &amp; Gayatri | Raga Chandrakauns | Music of India,"darbarfestival | The young Carnatic singers borrow from Hindustani music, using Raag Chandrakauns' spacious shape to colour an abhang ('uninterrupted' ...",darbarfestival,10
GqM3Dr7agjY,Mayday Parade - &quot;Miserable at Best&quot; Official Music Video,"""Miserable at Best"" music video by Mayday Parade, from the album 'A Lesson In Romantics' available now Get this song and the rest of Mayday Parade's first full ...",Fearless Records,10
a2a9fgPI_PI,Luke Combs - She Got the Best of Me,"Listen to ‚ÄúShe Got The Best Of Me‚Äù now on Luke Combs' deluxe album, 'This One's For You Too': Spotify: http://smarturl.it/LCDLX/spotify?IQid=youtube Apple ...",LukeCombsVEVO,10
salrwSVWpC4,The Best of Liszt,Buy ‚ÄúLiszt: Piano Solo‚Äù (MP3 album) on the Official Halidon Music Store: https://bit.ly/2JubF6q ‚ô´ Buy ‚Äú100 Classical Pieces‚Äù (MP3 album) on the Official Halidon ...,HALIDONMUSIC,10
7cm_ixBkYwc,Rex Orange County - Best Friend (Glastonbury 2019),Rex Orange County performs Best Friend at Glastonbury 2019. Guidance: contains strong language and flashing images. Visit bbc.co.uk/glastonbury for more ...,BBC Music,10
vdcd9Jdtiws,Best Urdu Poetry Collection | Rj Shan Ali | 2 Line Urdu Poetry | 2 Line Sad Poetry | New Urdu Poetry,2 Line Sad Poetry Best Collection With Complete Lyrics. (Sad Urdu Lyrics and amazing images) --- Visit My Website : khanbrothersstudio.com --- Largest ...,Khan Brothers Studio,10
oWKgpB2zpgw,"Ajay-Atul - Abhi Mujh Mein Kahin Best Lyric|Agneepath|Priyanka Chopra,Hrithik|Sonu Nigam",Abhi Mujh Mein Kahin is a love ballad that serenades and caresses the senses and lingers on even after it ends. Song ‚Äì Abhi Mujh Mein Kahin Singer ‚Äì Sonu ...,SonyMusicIndiaVEVO,10
SPiSYVLFCM8,Johnny Cash - Sunday Morning Coming Down (The Best Of The Johnny Cash TV Show),"Johnny Cash performing ""Sunday Morning Coming Down"" from The Best Of The Johnny Cash TV Show Listen to Johnny Cash: ...",JohnnyCashVEVO,10
rdoTCg1Ewxk,Cardi B Wins Best Rap Album | 2019 GRAMMYs Acceptance Speech,Watch Cardi B's speech for Best Rap Album at the 61st GRAMMY Awards. Full winners list: https://bit.ly/2SnSTFG About the Recording Academy / GRAMMYs: ...,Recording Academy / GRAMMYs,10
1sA7Ojgzzus,Louisa Johnson - Best Behaviour (Official Video),"Louisa Johnson's Official Music video for ""Best Behaviour"". Buy the single on iTunes here: smarturl.it/LJBestBehaviourIT Stream on Spotify: ...",LouisaJohnsonVEVO,10
qGYj3__EM5s,Acoustic Rock Songs -  Best Rock Songs Of 80s 90s,"Follow ""Music Express"" ‚ûûSubscribe for More: https://goo.gl/xaHC7Z ‚ûûFacebook: https://goo.gl/XjdmXA ‚ûûTwittter: https://goo.gl/FsycB1 ‚úö Please share this video ...",Music Express,10
d4AmYBhGBfM,The Best of Strauss,Buy the MP3 album on the Official Halidon Music Store: http://bit.ly/2IXvhBH Listen to our playlist on Spotify: http://bit.ly/TheBestOfClassicalMusic Apple ...,HALIDONMUSIC,10
7I17huOnU4g,Alternative Love Songs | Best Acoustic Alternative Rock Songs,Alternative Love Songs | Best Acoustic Alternative Rock Songs Alternative Love Songs | Best Acoustic Alternative Rock Songs Alternative Love Songs | Best ...,Music Collection 2019.,10
R1yqJisehhQ,Daniel Caesar - Best Part (feat. H.E.R) [LEGENDA/TRADU√á√ÉO],"PLAYLIST DO CANAL NO SPOTIFY: https://open.spotify.com/user/rnbtraducoes/playlist/1wzUNFzfuGRC2scg6WVNjI ""Best Part"" est√° inclu√≠da no √°lbum ...",RnB Tradu√ß√µes,10
2LKFB6H22Zw,Top Acoustic Rock Songs | Best Rock Songs Of All Time,Top Acoustic Rock Songs | Best Rock Songs Of All Time Top Acoustic Rock Songs | Best Rock Songs Of All Time Top Acoustic Rock Songs | Best Rock Songs Of ...,Music Collection 2019.,10
uctDljGluSI,Robbie Williams | Best Christmas Ever (Official Audio),"The Christmas Present the new album out now on CD, LP or Cassette - https://shop.robbiewilliams.com or stream / download ...",Robbie Williams,10
7u_FsMDC5x8,Nonstop Christmas Songs Medley üéÑ Best Christmas Songs 2020 üéÑ Top 30 Songs Of Christmas 2020,Nonstop Christmas Songs Medley Best Christmas Songs 2020 Top 30 Songs Of Christmas 2020 ------------------------------------------------------------ ¬© Follow ...,MUSIC HOME,10
5EdmHSTwmWY,Vanessa Williams - Save The Best For Last (Official Video),Music video by Vanessa Williams performing Save The Best For Last. (C) 1991 The Island Def Jam Music Group #VanessaWilliams #SaveTheBestForLast ...,VanessaWilliamsVEVO,10
qCxj_wUH93g,LINGATAKAM SONG BLESSES YOU FINANCIALLY | Shivan Lingashtakam Padalgal | Best Tamil Devotional Songs,Watch‚ñª LINGATAKAM SONG BLESSES YOU FINANCIALLY | Shivan Lingashtakam Padalgal | Best Tamil Devotional Songs #BestTamilDevoitnalSongs ...,Amma Devotional,10
QYvdMyBEWPU,Tina Turner - Simply The Best (Extended Art Chic Mix)Vito Kaleidoscope Music Bis,Tina Turner - Simply The Best (Extended Art Chic Mix) Vito Kaleidoscope Music Bis - No Video Profit - Thank You.,VITO KALEIDOSCOPE MUSIC BIS,10
SvCyFHWBUlc,Tina Turner - The Best - Live Wembley (HD 1080p),"http://tinaturnerblog.com Get ""Tina Turner: One Last Time"" BluRay on Amazon! Click here: http://goo.gl/Q1fMVF Tina Turner performing her smashing hit Simply ...",TINA Turner Blog,10
7XvD1QN3enQ,Petite Noir - Best (Official Video),'Best' is featured on the debut album from Petite Noir. 'La Vie Est Belle/ Life Is Beautiful' is out now: iTunes: http://smarturl.it/NoirLaVieDL Dom Mart: ...,PetiteNoirVEVO,10
2GQDjEN9j7c,Kumar Bent - Lost My Heart | Strictly The Best Vol. 60 | Official Audio,Stream The Album Now: https://VA.lnk.to/StrictlyTheBest60 STB 60 combines two discs of hits in one package. Disc 1 consists of reggae and lovers rock tracks.,VP Records,10
wLgHKHw2ZnY,Best Coast - Heaven Sent,"Get the new Best Coast album, California Nights: iTunes: http://smarturl.it/BC_CaliNights Amazon: http://smarturl.it/BC_AMZ Google Play: ...",BestCoastVEVO,10
shCNn3DmqIQ,The BEST Guitar Tone I‚Äôve EVER HAD,www.rhettshull.com THE GREEN ROOM https://flatfiv.com/pages/become-a-green-room-member DOWNLOAD MY HX STOMP PRESETS ...,Rhett Shull,10
iXvy8ZeCs5M,John Legend - Tonight (Best You Ever Had) ft. Ludacris (Official Music Video),John Legend's official music video for 'Tonight (Best You Ever Had) ft. Ludacris'. Click to listen to John Legend on Spotify: http://smarturl.it/JohnLSpotify?,johnlegendVEVO,10
joVkx20oVIg,The Best of H√§ndel,"Buy ""Baroque Music Collection"" (MP3 album) on the Official Halidon Music Store: http://bit.ly/2yKdLv1 Listen to our Baroque playlist on Spotify: ...",HALIDONMUSIC,10
j045yEf2cLg,(UK TV debut) Daniel Caesar (feat. H.E.R.) perform Best Part on Later... with Jools,"Daniel Caesar and H.E.R. perform Best Part on Later‚Ä¶ with Jools Holland on BBC Two (5 June 2018). For more performances and interviews from the show, ...",BBC Music,10
vBy7FaapGRo,H.E.R. - Best Part (Audio) ft. Daniel Caesar,Listen to Vol. 1 & 2 along with The B Sides: http://smarturl.it/Vol2BSides?IQid=yt Follow H.E.R. https://twitter.com/HERMusicx ...,HERMusicVEVO,10
wygy721nzRc,The Best of Chopin,Buy the MP3 album on the Official Halidon Music Store: http://bit.ly/VzxEKC Stream it on Spotify: https://spoti.fi/2NtSPPg iTunes & Apple Music: ...,HALIDONMUSIC,10
CfUGjK6gGgs,TWICE &quot;The Best Thing I Ever Did(Ïò¨Ìï¥ Ï†úÏùº ÏûòÌïú Ïùº)&quot; M/V,"TWICE(Ìä∏ÏôÄÏù¥Ïä§) ""The Best Thing I Ever Did(Ïò¨Ìï¥ Ï†úÏùº ÏûòÌïú Ïùº)"" M/V iTunes & Apple Music https://goo.gl/bnN1Lb Spotify https://goo.gl/RzvTqV Google Music ...",jypentertainment,10
NL2VBU604Jw,Gavin DeGraw - Best I Ever Had,Download the new album ‚ÄúMake A Move‚Äù on iTunes: http://smarturl.it/MAMove?Iqid=yt #GavinDeGraw #BestIEverHad #Vevo #Pop #OfficialMusicVideo Music ...,GavinDeGrawVEVO,10
o-nr1nNC3ds,Pedestrian At Best - Courtney Barnett,"Taken from the LP: ""Sometimes I Sit And Think, And Sometimes I Just Sit"" - out through Milk! Records, Marathon Artists, and Mom+Pop Order ""Sometimes I Sit ...",milkrecordsmelbourne,10
5hWwJoie_pY,"Ginuwine, R.L., Tyrese, Case - The Best Man I Can Be (Official Video)","Music video by Ginuwine, R.L., Tyrese, Case performing The Best Man I Can Be. (C) 1999 Universal Studios #Ginuwine #TheBestManICanBe #Vevo.",GinuwineVEVO,10
H-B7R5Tjhdw,Beautiful Relaxing Music - Best Sleep Music &amp; Peaceful Music,Beautiful Relaxing Music - Best Sleep Music & Peaceful Music - Wallpapers: https://www.pixiv.net/member.php?id=7192286 ...,The Soul of Wind,10
U1_0b7CkucA,Ed Sheeran - Best Part Of Me (feat. YEBBA) [Official Lyric Video],Stream or Download Best Part Of Me: https://atlanti.cr/BestPartOfMe Download or Stream No.6 Collaborations Project - out now: https://atlanti.cr/No6 Tickets for ...,Ed Sheeran,10
tJhrhBOdEDk,"Best Moments from 2019 BBMAs: BTS, Taylor Swift, Mariah Carey, Madonna &amp; More! | Billboard News","If you missed the 2019 Billboard Music Awards, we got you covered! From Kelly Clarkson's hosting and BTS's performance with Halsey, to Madonna and Mariah ...",Billboard,10
ardglr9MVVQ,Whitney Houston - I Will Always Love You LIVE 1999 Best Quality,Whitney Houston - I Will Always Love You LIVE 1999 Best Quality.,GuitarDocs,10
8GGGliIxpgc,Daniel Caesar - Best Part | A COLORS SHOW,"Toronto based R&B singer treats us to a beautiful rendition of ‚ÄúBest Part‚Äù, a sparkling cut taken from his spectacular Grammy nominated debut album Freudian.",COLORS,10
uVjRe8QXFHY,Hannah Montana - The Best Of Both Worlds,Music video by Hannah Montana performing The Best Of Both Worlds. (P) 2006 The copyright in this audiovisual recording is owned by Walt Disney Records ...,DisneyMusicVEVO,10
7_WWz2DSnT8,The Best of Tchaikovsky,Buy the MP3 album on the Official Halidon Music Store: http://bit.ly/2vMa9Xp iTunes & Apple Music: https://apple.co/2H0dtGa Listen to our playlist on Spotify: ...,HALIDONMUSIC,10
LKV5YAxwv3Q,Bonnie Tyler - The Best (Official Music Video),Bonnie Tyler's official music video for 'The Best'. Click to listen to Bonnie Tyler on Spotify: http://smarturl.it/BTylerSpot?IQid=BTylerTB As featured on The ...,bonnietylerVEVO,10
0jXOpRlcKSU,Best Youth - Hang Out (Official Video),"Subscribe here: http://bit.ly/BestYouthOfficial First single from the Winterlies EP, available for free at our website: wearebestyouth.com. Check out all the official ...",Best Youth,10
qNnvL0ztJhA,A.R. Rahman - Radha Kaise Na Jale Best Video|Lagaan|Aamir Khan|Asha Bhosle|Udit Narayan,Watch Aamir Khan as Krishna tease his Radha played by Gracy Singh in this exceptionally entertaining song from Lagaan sung by the great Asha Bhosale and ...,SonyMusicIndiaVEVO,10
6miaTf1gF4g,Metal Gear Solid Soundtrack: The Best Is Yet To Come,The end title to Metal Gear Solid: The Best Is Yet To Come.,alvaroduck,10
_sp5Ws-u8EU,Best 20 X Factor Auditions of All Time HD,"G2A HUGE SALES : https://www.g2a.com/r/bigsales2017 (Buy Games,Skins..) ‚ñªFacebook : https://www.facebook.com/hurricanestyle14 Acts List : 20. AKNU ...",HurRicaneStyle14,10
O6NRLYUThrY,The Best of Vivaldi,Buy the MP3 album on the Official Halidon Music Store: http://bit.ly/2N0TybC Stream it on Spotify: https://spoti.fi/2ouZqkd Stream it on Apple Music/iTunes: ...,HALIDONMUSIC,10
917rCysSJhY,Best Music Mix 2019 ‚ô´ Gaming Music 2019 Mix x NoCopyrightSounds‚ô´ Best Dubstep x EDM x Trap x NCS,Best Music Mix 2019 ‚ô´ Gaming Music 2019 Mix x NoCopyrightSounds‚ô´ Best Dubstep x EDM x Trap x NCS ...,The Rabbit,10
LWLAAzOBoBI,BB King Called This His Best Live Performance,"This entire film is a must-see. Get it at http://www.amazon.com/dp/B00061U15C. This clip is a portion of my feature-length documentary, Sing Sing Thanksgiving, ...",David Hoffman,10
Aj8UnnMdMcA,Best of Nujabes - Playlist [with beautiful art],Check out the second Nujabes playlist: https://youtu.be/u5o-bb4KTuk I thought it was about time someone made a mixtape of Jun Sebas greatest work. I hope ...,JMWproduction,10
zvU_ZVlGJL8,Tory Lanez - Best Of You // Busted SKIT (Feat. Mya) (Official Audio),Tory Lanez - Best Of You // Busted SKIT (Feat. Mya) (Official Audio) Follow Tory Lanez: http://twitter.com/torylanez http://instagram.com/torylanez ...,Tory Lanez,10
acbcKrnnJAk,MercyMe - Best News Ever (Official Lyric Video),"2017 MercyMe From the album ""Lifer."" Available everywhere now! Stream or download your copy at the links below. Apple Music: ...",mercymeVEVO,10
b-Zw5A5NDLI,50 Cent - Best Friend ft. Olivia,Best of 50 Cent: https://goo.gl/PgrRic Subscribe here: https://goo.gl/o954jF Music video by 50 Cent performing Best Friend. (C) 2006 G Unit/Interscope Records.,50CentVEVO,10
c2uW_lg2is0,Prong - Revenge Best Served Cold (official),"Official PRONG videoclip for ""Revenge...Best Served Cold"". New album ""Carved Into Stone"" OUT NOW! (Long Branch Records/SPV)",Steamhammer,10
Vhh-XF01Ats,AlunaGeorge - Best Be Believing,Download Best Be Believing: http://po.st/BodyMusicYTD Follow AlunaGeorge: Facebook: https://www.facebook.com/alunageorge Twitter: ...,AlunaGeorgeVEVO,10
l4_6eQm7RTQ,Taylor Swift - The Best Day,"Music video by Taylor Swift performing The Best Day. (C) 2009 Big Machine Records, LLC New single ME! (feat. Brendon Urie of Panic! At The Disco) available ...",TaylorSwiftVEVO,10
6JQm5aSjX6g,The Best of Bach,"Buy ""Bach: Complete Cello Suites"" on the Official Halidon Music Store: http://bit.ly/2JAHYlx Stream the album on Spotify: https://spoti.fi/36h8sCq iTunes ...",HALIDONMUSIC,10
UCZzepkKjD0,Ariana Grande - Best Mistake (Live on the Honda Stage at the iHeartRadio Theater LA),"Ariana Grande performs ""Best Mistake"" featuring Big Sean live on the Honda Stage at the iHeartRadio Theater LA. Ariana's new album ""My Everything"" available ...",ArianaGrandeVevo,10
kzxoQ9rbDAA,Ricky Martin - The Best Thing About Me Is You (Official Music Video),V√≠deo oficial de Ricky Martin de su tema 'The Best Thing About Me Is You'. Haz clic aqu√≠ para escuchar a Ricky Martin en Spotify: http://smarturl.it/RMartinSpot?,RickyMartinVEVO,10
Uipe7Aef1pg,GARNiDELiA BEST ALBUM„ÄåGARNiDELiA BEST„ÄçDIGEST -„Ç¢„Éã„É°Êò†ÂÉèver.-,GARNiDELiA BEST ALBUM „ÄåGARNiDELiA BEST„Äç 2019.12.04 on sale!! Êï∞„ÄÖ„ÅÆ‰∫∫Ê∞óTV„Ç¢„Éã„É°„ÅÆ‰∏ªÈ°åÊ≠å„ÇíÊãÖÂΩì„Åó„Å¶„Åç„Åü„ÄÅGARNiDELiA„ÅÆ„Éô„Çπ„Éà„Ç¢„É´„Éê„É†ÔºÅ,GARNiDELiA Official Youtube Channel,10
WPefERS7EZs,Emotions - Best Of My Love (HQ with lyrics),"The Emotions' 1977 hit ""Best of My Love."" I did not do lyrics on screen as it is time consuming, and given the way YouTube has been blocking lately, I didn't want ...",Rewind Music Group,10
cg4CWYnQluY,"üîàBASS BOOSTEDüîà SONGS FOR CAR 2019üîà CAR BASS MUSIC 2019 üî• BEST EDM, BOUNCE, ELECTRO HOUSE 2019","BASS BOOSTED   SONGS FOR CAR 2019   CAR BASS MUSIC 2019 BEST EDM, BOUNCE, ELECTRO HOUSE 2019 ¬© Follow DG Music - Bass Boosted ...",DG Music - Bass Boosted,10
pofZ9G0k9Vw,Best Coast - For The First Time (Official Music Video),"Listen to ""For The First Time"": https://found.ee/BC-FirstTime Subscribe to Best Coast's channel to stay up to date on the latest video releases: ...",Best Coast,10
Irz4c5A35pw,Romantic Love Songs 2019 | Best English Love Song 2019 | Best Love Songs 80s 90s Playlist,Romantic Love Songs 2019 | Best English Love Song 2019 | Best Love Songs 80s 90s Playlist Romantic Love Songs 2019 | Best English Love Song 2019 | Best ...,Greatest Love Songs,10
mmy-uOK9lLI,The Long Winters ~ Christmas With You is the Best,"From the ""O.C. Mix 3 Have a Very Merry Chrismukkah"" - 2004 - Warner Bros./WEA Records.",nantasketph,10
y29eTcRFEl8,Jessie J - Mamma Knows Best (VEVO LIFT Presents),Jessie J live from Don Hill's in NYC as part of VEVO's LIFT showcase. See more at http://www.vevo.com/artist/jessie-j (C) 2011 Universal Republic Records The ...,JessieJVEVO,10
JLUvO8QUmXc,Kellie Pickler - Best Days Of Your Life (Official Video),Kellie Pickler's official music video for 'Best Days Of Your Life'. Click to listen to Kellie Pickler on Spotify: http://smarturl.it/KPicSpotify?IQid=KPicBDOYL As ...,kelliepicklerVEVO,10
PbGSiJ9iat8,U2 - You‚Äôre The Best Thing About Me (Lyric Video),"Listen to You're The Best Thing About Me: https://u2.lnk.to/BestThingID U2's new album, ‚ÄúSongs of Experience‚Äù out now. Listen to the album: https://lnk.to/ZaQRe ...",U2VEVO,10
_wmD3M-BfVo,T-Pain - Best Love Song ft. Chris Brown,T-Pain's official music video for 'Best Love Song' ft. Chris Brown. Click to listen to T-Pain on Spotify: http://smarturl.it/TPainSpotify?IQid=TPainBLS As featured on ...,TPainVEVO,10
HaZpZQG2z10,Queen - You&#39;re My Best Friend (Official Video),"Taken from A Night At The Opera, 1975 and Forever, 2014. Click here to buy the DVD with this video at the Official Queen Store: ...",Queen Official,10
FqtDu_x9R2A,Best of Vocal Deep House Mix 2019 | Relaxing &amp; Happy Music,Best of Vocal Deep House Mix 2019 | Relaxing & Happy Music Best of Vocal Deep House Mix 2019 | Relaxing & Happy Music Best of Vocal Deep House Mix ...,Helios Deep,10
GnicS0Qmq7w,Trap Music 2019 üç≠Best Gaming Music Mix üç≠Trap - Bass Boosted - EDM,Magic Spotify: https://lnk.to/magicmusic Magic No Copyright Music & USAGE POLICY: https://magicmusicllc.com/ ‚ö° Magic Instagram: http://bit.ly/2Iny5FN ...,Magic Music,10
HoT7MPS8WDM,Best Friend (Lyric Video),"Foster The People's new album 'Supermodel' featuring ""Coming Of Age"" and ""Best Friend"" is available now: http://smarturl.it/Supermodel.",FosterThePeople,10
X8ugcVZ8P_Q,Kiroro  Best Friend,Kiroro„ÅÆ10th„Ç∑„É≥„Ç∞„É´„ÄåBest Friend„Äç„ÅÆ„Éü„É•„Éº„Ç∏„ÉÉ„ÇØ„Éì„Éá„Ç™„ÄÇ2001Âπ¥„É™„É™„Éº„Çπ„ÄÇ Kiroro „Çπ„Éö„Ç∑„É£„É´„Çµ„Ç§„Éà http://www.jvcmusic.co.jp/kiroro/ „ÄêKiroro ‚Äú„Ç¢„Ç§„Éè...,Victor Entertainment,10
bF8ypmqNMFk,Lissie - Best Days (Official Video),"Lissie's brand new album 'Castles' Out Now! Available to order, download and stream here: https://lissie.lnk.to/CastlesYo For live dates and the latest news, sign ...",LissieVEVO,10
-WuWigVnfFQ,One Direction - Best Song Ever (Behind The Scenes),One Direction ‚Äì Best Song Ever (Behind The Scenes) Follow On Spotify ‚Äì https://smarturl.it/1D_TTSp Listen on Apple Music ‚Äì https://smarturl.it/1D_AMEss ...,OneDirectionVEVO,10
z7rvnjVgbzc,One Direction - Best Song Ever (Where We Are: Live From San Siro Stadium),One Direction's 'Where We Are: Live From San Siro Stadium' DVD out now: smarturl.it/WhereWeAreDVD One Direction's new album FOUR is out NOW: ...,One Direction,10
FHp2KgyQUFk,Beyonc√© - Best Thing I Never Had (Video),Beyonc√©'s official video for 'Best Thing I Never Had'. Click to listen to Beyonc√© on Spotify: http://smarturl.it/BeyonceSpot?IQid=B... As featured on 4. Click to buy ...,Beyonc√©VEVO,10
cPP_m4FW9Gg,„Ç¢„É´„Çπ„Éû„Ç∞„Éä (ARSMAGNA) BEST Album &quot;ARS THE BEST&quot; „É¢„Éã„Çø„Éº„ÅåÊê≠Ëºâ„Åï„Çå„Åü„Ç¢„Éâ„Éà„É©„ÉÉ„ÇØ,"Ê∏ãË∞∑„ÇíËµ∞Ë°å„Åô„Çã„ÄÅ2019Âπ¥11Êúà27Êó•Áô∫Â£≤ ÁßÅÁ´ã‰πùÁìè„Éé‰∏ªÂ≠¶Âúí „Ç¢„É´„Çπ„Éû„Ç∞„Éä (ARSMAGNA) BEST Album ""ARS THE BEST"" „É¢„Éã„Çø„Éº„ÅåÊê≠Ëºâ„Åï„Çå„Åü„Ç¢„Éâ„Éà„É©„ÉÉ„ÇØ #„Ç¢„É´„Çπ„Éû...",adtruck48,10
qpodQcDXNdM,Teen Beach 2 Cast - Best Summer Ever (From &quot;Teen Beach 2&quot;),Kick off your summer beach party with the soundtrack to Teen Beach 2 available now! Get exclusive bundles here: http://smarturl.it/dcms iTunes: ...,DisneyMusicVEVO,10
ikkhmkAH72U,"Nirvana - My Best Friend&#39;s Girl (Live In Munich, Germany/1994)",Read the story behind 'In Utero' here: https://www.udiscovermusic.com/stories/utero-takes-bow-nirvana/ Listen to more from Nirvana: ...,NirvanaVEVO,10
ENwIVw2h3SQ,Foo Fighters- The Best Of You(lyrics),Foo Fighters- The Best Of You I`m taking requests. Lyrics: Ive got another confession to make Im your fool Everyones got their chains to break Holdin you Were ...,costahp,10
nd_EYo96lmo,U2 - You‚Äôre The Best Thing About Me (Official Video),"Listen to You're The Best Thing About Me: https://u2.lnk.to/BestThingID U2's new album, ‚ÄúSongs of Experience‚Äù out now. Listen to the album: https://lnk.to/ZaQRe ...",U2VEVO,10
W-fFHeTX70Q,The Best of Beethoven,Buy the MP3 album on the Official Halidon Music Store: http://bit.ly/2zT1DrX Listen to our playlist on Spotify: http://bit.ly/BeethovenEssentialClassics Apple ...,HALIDONMUSIC,10
E-WHW-QNswE,Joe Esposito You&#39;re The Best Around,You're the best around!!!,wweaccount1,10
5vRlJrkxsqo,THE BEST THE BEST THE BEST THE BEST THE BEST THE BEST THE BEST THE BEST,THE BEST THE BEST THE BEST THE BEST THE BEST THE BEST THE BEST THE BEST THE BEST THE BEST THE BEST THE BEST THE BEST THE BEST ...,THEBESTTHEBESTTHEBE,10
FC7p9v-xtm4,[Í¥úÏ∞ÆÏïÑ ÏÇ¨ÎûëÏù¥Ïïº OST Part 1] Ï≤∏ (CHEN) (EXO) - ÏµúÍ≥†Ïùò ÌñâÏö¥ (Best Luck) MV,Download on iTunes (Music) : https://itunes.apple.com/us/album/gwaenchanh-salang-iya-original/id902290169 ‚òÜ Music Streaming Service on Spotify ...,Stone Music Entertainment,10
8J4k32LhTNw,American Authors - Best Day Of My Life (Dog Version),"American Authors debut album ""Oh, What A Life"" on iTunes - http://smarturl.it/iOWAL Deluxe bundle -http://myplay.me/18ap Click To Subscribe ...",AmericanAuthorsVEVO,10
0fTUj9mfnUk,Best Day of My Life - American Authors (Lyrics),"NOTHING IS MINE, all credit goes to their rightful owners the font is Best Day Ever, found on dafont this is my new favorite song, so here ya go (:",Alex,10
bAkvb2Rhces,Guster - &quot;Satellite&quot; [Best Quality],"""Satellite"" appears on Guster's 2006 album Ganging Up On The Sun. Download ""Satellite"" on iTunes: http://www.smarturl.it/GusterGangiTunes Purchase ...",Guster,10
vJ3xTjvj9tw,Ray LaMontagne - You Are The Best Thing,Great Song from the new album Gossip in the Grain from Ray LaMontagne. You need to buy it. All the rights goes to his record company. NO CLIP.,ikkegp,10
Z7WgqQn5YLM,Merry Christmas 2020 - Classic Christmas Songs Playlist - Best Of Christmas Songs All Time,"Follow ""Music Box"" ‚ûûSubscribe for More: https://goo.gl/97Uugb ‚ûûFacebook: https://goo.gl/Z8LJxx ‚ûûTwittter: https://goo.gl/xzLSVR ‚ô´ Best Christmas Songs of All ...",MusicBox,10
Ndzln1UEyf0,Foster The People - Best Friend,"Foster The People - Best Friend The new album 'Supermodel' featuring ""Best Friend"" is now available. Download on iTunes: http://smarturl.it/Supermodel ...",fosterthepeopleVEVO,10
RyFo6p6LGkA,The Cars - My Best Friend&#39;s Girl (Official Live Video),"You're watching The Cars perform ""My Best Friend's Girl."" Original song from their 1978 self-titled debut album. Subscribe to the Rhino Channel!",RHINO,10
cL7QZv9wCZ8,Damien Rice - Live at Best Kept Secret Festival [Full Set],"Damien performs at Best Kept Secret Festival in Holland, on June 22nd 2013. Follow Damien Rice on: Facebook https://DamienRice.lnk.to/Facebook Twitter ...",Damien Rice,10
GTISI3Bg4Mc,Grandson - Best Friends (Official Audio),"Get Grandson ""Best Friends"" Now: iTunes - http://smarturl.it/BESTFRIENDSi?IQid=yt Apple Music - http://smarturl.it/BESTFRIENDSa?IQid=yt Spotify ...",GrandsonVEVO,10
UsQUHoViugo,[MV] UNIQ(Ïú†ÎãàÌÅ¨) _ Best Friend,[MV] UNIQ(Ïú†ÎãàÌÅ¨) _ Best Friend *English subtitles are now available. :D (Please click on 'CC' button or activate 'Interactive Transcript' function) :: iTunes DL ...,1theK (ÏõêÎçîÏºÄÏù¥),10
uN_PlA1yGVc,Florence + The Machine - My Best Dress (Demo / Audio),"Music video by Florence + The Machine performing My Best Dress (Demo / Audio). ¬© 2019 Island Records, a division of Universal Music Operations Limited ...",FlorenceMachineVEVO,10
QdiP1a0dXNc,New Best R&amp;B  Urban &amp; Hip Hop Music Mix 2019 | Top Hits 2019 | Black Club Party Charts - RnB Motion,"Best Of RnB Urban & Hip Hop Playlist 2019 Songs Mix 2019 Top Black Hits 2019 Club Party Charts Guys, Hit the to join the notifications If you Liked, Share ...",RnB Motion,10
RCtSDqpHbVs,Best Music Mix 2019 ‚ô´ Gaming Music ‚ô´ Trap x House x Dubstep x EDM,Best Music Mix 2019 ‚ô´ Gaming Music ‚ô´ Trap x House x Dubstep x EDM Best Music Mix 2019 ‚ô´ Gaming Music ‚ô´ Trap x House x Dubstep x EDM Best Music Mix ...,Kurumi,10
QFFdSR6U_kc,Smile (Living My Best Life) (Official Video),"Downloading the single, ""Smile Bitch"". Out Now! Stream: https://Empire.lnk.to/SmileBitchYo Official music video by Lil Duval performing Smile (Living My Best ...",LilDuvalVEVO,10
poFXWUTEs1k,Palma Violets - Best of Friends,"Video for Palma Violets' single 'Best Of Friends', taken from their debut album '180' out now on Rough Trade Records. Buy here: http://bit.ly/XvrTxX WARNING ...",Palma Violets,10
u_hDHm9MD0I,Mitski - Your Best American Girl (Official Video),"Mitski, Your Best American Girl from the forthcoming record, 'Puberty 2' out June 17 on Dead Oceans. Pre-Order Puberty 2: Dead Oceans: http://smarturl.it/mitski ...",MitskiVEVO,10
9JUEnUfUDag,2 Hours Baroque Adagios | Best Relaxing Classical Music For Studying &amp; Learning,Facebook ‚ñªhttps://www.facebook.com/Classical-Music-632527326820785/?ref=hl Twitter ‚ñª https://twitter.com/@tunesclassical Google Play ...,Classical Tunes,10
DdsIVUuO7GM,Sophia Grace - &quot;Best Friends&quot; Official Music Video | Sophia Grace,"Sophia Grace - ""Best Friends"" Official Music Video Subscribe‚û°Ô∏èhttps://www.youtube.com/channel/UCBbl9TWafqQcPfsdG32t--A?sub_confirmation=1 Make-up ...",Sophia Grace,10
dy3H4DbZ7Y4,‰πÉÊú®ÂùÇ46 6th „Äå„Ç¨„Éº„É´„Ç∫„É´„Éº„É´„Äç Best Shot Version. 2016 Limited.,"Nogizaka46 6th ""Girl's Rule"" Best Shot Version. 2016 Limited. I promise Best Shot and Best picture quality!ÔºàÁßÅ„ÅØ„Éô„Çπ„Éà„Ç∑„Éß„ÉÉ„Éà„Å®ÊúÄÈ´ò„ÅÆÁîªË≥™„Çí„ÅäÁ¥ÑÊùü„Åó„Åæ„ÅôÔºÅÔºâ",NGZ46 Best Shot Channel Part3,10
B-OujedrJko,00&#39;s J-POP Best - 2000Âπ¥‰ª£ J-POPÂêçÊõ≤ÈõÜ vol.1 „ÄêË∂Ö„ÉªÈ´òÈü≥Ë≥™„Äë,00-04Âπ¥„Çí‰ª£Ë°®„Åô„ÇãÂêçÊõ≤„Åã„Çâ15Êõ≤„Çí„Çª„É¨„ÇØ„Éà„Åó„Åæ„Åó„Åü„ÄÇ FMÂ±Ä„Åß‰ΩøÁî®„Åï„Çå„Å¶„ÅÑ„Çã„Éá„Ç∏„Çø„É´„Éó„É≠„Çª„ÉÉ„Çµ„Éº„Çí‰Ωø„ÅÑ„ÄÅ„ÇØ„É™„Ç¢„ÅßÂ∫É„Åå„Çä„ÅÆ„ÅÇ„ÇãËÅ¥„Åç„ÇÑ„Åô„ÅÑÈü≥Ë≥™„Å´...,hidex2000,10
it_04dk_97E,Yelawolf - Best Friend ft. Eminem (Official Music Video),Yelawolf's new album 'Love Story' out now On iTunes: http://smarturl.it/YelaLoveStory Google Play: http://smarturl.it/YelaLoveStoryGP Amazon MP3: ...,YelawolfVEVO,10
AbV-Q6tz4B8,Mac Miller - Best Day Ever,"GO:OD AM Album Out Now Download it here: https://smarturl.it/GOODAM Rex Arrow Films, Rostrum Records & TreeJTV Present... Mac Miller Best Day Ever ...",Mac Miller,10
wsw8EXuefuY,Kids Answer &quot;What is the Best Country in the World?&quot;,"We hear a lot about how great America is or how great America was. We grew up hearing America was number one - and Jimmy never questioned that, but he ...",Jimmy Kimmel Live,10
0LSswvynRzU,05. Neil Cicierega - Best,"From ""Mouth Silence"" (2014) List of sampled songs: http://pastebin.com/ekLSieXK.",UnasMusicas,10
G91NEBMFoOM,Gaming Music 2019 ‚ô´ Best Of EDM Mix ‚ô´ Best Dubstep x Trap x NCS,Gaming Music 2019 ‚ô´ Best Of EDM Mix ‚ô´ Best Dubstep x Trap x NCS ‚ñ≠‚ñ≠‚ñ≠‚ñ≠‚ñ≠‚ñ≠‚ñ≠‚ñ≠‚ñ≠‚ñ≠‚ñ≠‚ñ≠‚ñ≠‚ñ≠‚ñ≠‚ñ≠‚ñ≠‚ñ≠‚ñ≠‚ñ≠‚ñ≠‚ñ≠‚ñ≠‚ñ≠‚ñ≠‚ñ≠‚ñ≠ ‚ô¢ All rights belong to their ...,The Rabbit,10
yLczB9NiDmY,Cardi B - Best Life feat. Chance The Rapper [Official Audio],Cardi B - Best Life feat. Chance The Rapper from Cardi B's Debut Album Invasion of Privacy available now! Stream/Download: https://CardiB.lnk.to/IOPAY ...,Cardi B,10
86YXcJhd2iA,THE BEST OF AXWELL | Funny Montage &amp; Best Moments,I forgot how much I love this guy ‚ù§ Check out Axwell's latest remix on our channel!: https://www.youtube.com/watch?v=W3nCw0r8GEc ‚úò Subscribe and ...,We Rave You,10
hKgl5-lkT8U,"Daniel Caesar &amp; H.E.R. - Best Part, a Visual","Best Part, a Visual‚Äù Directed by Keavan Yazdani & Sean Brown for theENDS Written by Daniel Caesar & H.E.R Music by Daniel Caesar, H.E.R, Riley Bell, ...",DanielCaesarVEVO,10
Jpm4eJ6l1n4,The Drums - Best Friend,Pre-Order the new album Encyclopedia! smarturl.it/TheDrumsiTunes smarturl.it/TheDrumsAMAZON Music video by The Drums performing Best Friend. (C) 2010 ...,TheDrumsVEVO,10
BnCK27j7gnM,Summer Mix 2018 - Best Of Deep House Sessions Music Chill Out Mix By Magic,Submit Ur Demo for Our Label: http://bit.ly/2IF07in Summer Mix 2018 - Best Of Deep House Sessions Music Chill Out Mix By Magic ‚úîÔ∏è Follow Magic Club ...,Magic Club,10
icz4d-BHKUI,"&quot;Hasta la vista, baby!&quot; Arnold Schwarzenegger on his best one-liners and Terminator: Dark Fate","This video contains all the strong language and violence you'd expect from the king of '80s and '90s action cinema! Ahead of Terminator: Dark Fate's release, ...",BBC Radio 1,10
XkSmLh2Hbi0,The Cars - My Best Friend&#39;s Girl,"Although much was made of their sense of new wave cool during their heyday, the real reason that the Cars' recorded work holds up so well is that it is built on ...",StrapOnBanana,10
JHXNaYoguNU,best drumline video ever   amazing,This band is awesome!!! Best drumline ever!!! The Swiss Top Secret Drum Corp! Please like my Facebook Page? https://www.facebook.com/jeffonradio When I ...,Jeff Easterling,10
s7r8QAhVrpY,Eurotix - The Best Of Times (The Sims 4 Video),"A gay man looks back on the happy times of his youth. The italo disco song ""The Best Of Times"" by Eurotix is out now on: iTunes: ...",Dennis Alexis Hellstr√∂m,10
Xt3m04Tscc8,Surfaces - Sunday Best [Official Audio],Surfaces - Sunday Best [Official Audio] stream/download the rest of our album 'where the light is': https://fanlink.to/wherethelightis more music/merch: ...,Surfaces Music,10
dNRYzn9OEd4,!!! (Chk Chk Chk) - Dancing Is The Best Revenge,"New York City dance-punk band !!! (Chk Chk Chk)'s new video for 'Dancing Is The Best Revenge', taken from 'Shake The Shudder', out May 19th on Warp ...",ChkChkChkVEVO,10
_83KqwEEGw4,Surfaces - Sunday Best (Official Music Video),"""Sunday Best"" official music video from the 'Where The Light Is' album Director: Taylor Fauntleroy Producer: Stephen Bielecki Creative Supervisor: Drew Kirsch ...",Surfaces Music,10
ANlLcsE3vYY,Top 30 Best Rock Songs of the 00&#39;s,Follow me on twitter!: @Top30music Finally!!... This has been my toughest video to make since I started doing these lists. I went from 300 songs to these final 30.,top30music,10
EzwLOA6_LNI,Kenny Thomas - The Best Of You,Video Clip - bad quality. Please also visit: http://www.kennythomasmusic.co.uk/ it's got a better quality version of this.,Felix Hoover,10
umiCYZ3i9y4,THE BEST OF MARY J BLIGE(CLASSICS),all my favorite songs by Mary J and featuring Mary J blige CLASSICS ONLY NOT REALLY NONE OF HER NEW STUFF...ENJOY 10 WHOLE MINS OF MJB.,overthetopkid,10
7LFJ1d34FaI,JAH-MONTE -  BEST RAPPER IN CHARLOTTE Part 3  (official video),JAH-MONTE - BEST RAPPER IN CHARLOTTE Part 3 Produced x marc Spano Shot x .darkmaster Follow JAH-MONTE: ‚Ä¢ Bandcamp: ...,SUN TZU,10
YHtiDye_gYE,U Deserve It - Trippie Redd (CLEAN) BEST ON YOUTUBE,About: Brand new Trippie Redd album... All Trippie fans have been waiting for this one :) Enjoy ...,Fresh Cuts - Clean Music,10
PsJGwxH4Njw,H.E.R. Accepts Her Award For Best R&amp;B/Soul Female Artist! | Soul Train Awards ‚Äò19,H.E.R. wants people to know Soul Train is more than just an award show! She thanks fans as she wins the best R&B/Soul Female Artist award!,Soul Train,10
NNdKq0avXYk,Who Needs Love - Trippie Redd (CLEAN) BEST ON YOUTUBE,About: Brand new Trippie Redd album... All Trippie fans have been waiting for this one :) Enjoy ...,Fresh Cuts - Clean Music,10
ytFPZdhvaMQ,Lady Gaga Wins Best Pop Duo Or Group Performance | 2019 GRAMMYs Acceptance Speech,Watch Lady Gaga's speech for Best Pop Duo or Group Performance at the 61st GRAMMY Awards. Full winners list: https://bit.ly/2SnSTFG ABOUT Recording ...,Recording Academy / GRAMMYs,10
tgvbhxb9yk8,Machine Gun Kelly - At My Best ft. Hailee Steinfeld,Machine Gun Kelly's new album 'bloom' is available now! http://smarturl.it/MGKbloom Follow MGK: https://www.machinegunkelly.com ...,MGKVEVO,10
CJWBTBqq1bA,Beyonce - &quot;Best Thing I Never Had (Chloe x Halle Cover)&quot;,Our debut album the #thekidsarealright is out now: http://smarturl.it/TKAA Watch the full official short film here: http://smarturl.it/TKAAalbumfilm Listen to our new ...,Chloe x Halle,10
4Vx7MTU-UVE,"SOFI TUKKER - Best Friend feat. NERVO, The Knocks &amp; Alisa Ueno (Official Video) [Ultra Music]","SOFI TUKKER - Best Friend feat. NERVO, The Knocks & Alisa Ueno SOFI TUKKER - Best Friend feat. NERVO, The Knocks & Alisa Ueno by Ultra Music ...",Ultra Music,10
TFlE91RWWAg,3 HOURS of Beautiful Autumn Colours ~ Amazing Nature Scenery &amp; The Best Relax Music,"Enjoy 3 hours of amazing nature scenery. This video features beautiful autumn colours and relaxing music that is ideal for sleep, study, meditation and yoga.",Cat Trumpet,10
1mwvQRiYqoM,Best Music Mix 2019 ‚ô´ GAMING MUSIC ‚ô´‚ô´ Best Dubstep x EDM x Trap x NCS,Best Music Mix 2019 ‚ô´ GAMING MUSIC ‚ô´‚ô´ Best Dubstep x EDM x Trap x NCS ‚ñ≠‚ñ≠‚ñ≠‚ñ≠‚ñ≠‚ñ≠‚ñ≠‚ñ≠‚ñ≠‚ñ≠‚ñ≠‚ñ≠‚ñ≠‚ñ≠‚ñ≠‚ñ≠‚ñ≠‚ñ≠‚ñ≠‚ñ≠‚ñ≠‚ñ≠‚ñ≠‚ñ≠‚ñ≠‚ñ≠‚ñ≠ ‚ô¢ All rights belong to ...,7even Cloud,10
8D1Zn-Ij6Mw,Aaliyah - At Your Best (You Are Love) (Official Video),Aaliyah's official music video for 'At Your Best (You Are Love)'. Click to listen to Aaliyah on Spotify: http://smarturl.it/AaliyahSpotify?IQid=AaliyahAYB As featured ...,AaliyahVEVO,10
lk47ecL1z5w,Jimmy Eat World - My Best Theory (Official Music Video),Music video by Jimmy Eat World performing My Best Theory. (C) 2010 DGC Records #JimmyEatWorld #MyBestTheory #Vevo #Rock #OfficialMusicVideo.,JimmyEatWorldVEVO,10
Bmw8lVXHIms,Modest Mouse - The Best Room (Audio),"Download ""Strangers To Ourselves"" at iTunes: http://smarturl.it/StrangersToOurselves Download ""Strangers To Ourselves"" at Amazon: ...",MODESTMOUSEVEVO,10
OvrNAtFsXjs,Blue - Best In Me with lyrics .,Blue song with lyrics. :D.,Jeferyn12,10
dwF2lqCIlZA,"Car Race Music Mix 2019üî• Bass Boosted Extreme 2019üî• BEST EDM, BOUNCE, ELECTRO HOUSE 2019 #122","Car Race Music Mix 2019   Bass Boosted Extreme 2019   BEST EDM, BOUNCE, ELECTRO HOUSE 2019 #122 Help Us to Get 100.000 Subscribers ...",Star Music,10
o9fQcsY7Hx0,Best Christmas Pageant Ever  Ch  6,,ceeeeeg,10
uG3JcvmAUg4,Best of the 2000&#39;s R&amp;B Mix,This mix is by my Best Friend DJ Zone The 1st Lady of R&B Mixtape's. The mix is called Dreamin. Best of the 2000's R&B Mix. Follow DJ Fade on Facebook ...,Dj Fade,10
MkYSmIPBEGE,The Best Relaxing Classical Music Ever By Bach - Relaxation Meditation Focus Reading,Subscribe and turn on notifications to be alerted of our uploads! Facebook ‚ñªhttps://www.facebook.com/Classical-Music-632527326820785/?ref=hl 1987 / 1991 ...,Classical Tunes,10
RSUbjZMBxHE,The Old 12 Girls Band  Â•≥Â≠êÂçÅ‰∫å‰πêÂùä  The Best Performance of Freedom Ëá™Áî±,The Old 12 Girls Band Freedom Ëá™Áî±was getting the best back ground musical support. For example like from 1:45 to 2:00 and 2:22 to 2:45. Also do you know ...,12tongtech,10
vcWBzHqKYLA,BEST SONGS CHARTS OF THE YEAR 2016-2017 | BEST COVERS CHART [Forever] [Relaxed / Extremely Melodic],Music For Everyone | Best Songs | New Songs Playlist | Top songs Chart | Top songs Hits | Best Love Songs Of All Time | Cover songs | song collection | Top Ten ...,Ariesone Music,10
Ynyo4ddwfnA,BEST OF 2017 (REMI GAILLARD) BEST PRANKS!!,Subscribe for more pranks!,byDavidd23,10
aqNySkQ9Uzw,BEST OF 2014 / 2015 - DANCE MASHUP - (Mixed by DJ Earworm),Best pop/ dance songs of 2014/ 2015 mashup mixed by DJ Earworm. YOU ARE COPYRIGHT HOLDER AND WANT ME TO DELETE THIS VIDEO? JUST LET ...,Best Mashups,10
14A7CUXvJTU,Christmas Music 2020 üéÖ Top Christmas Songs Playlist 2020 üéÑ Best Christmas Songs Ever,"Thanks Fan's OPM Love Songs for timing this Share, comment, Subscribe ** ‚òû Follow facebook : https://sum.vn/gZSZb ‚òû Subscribe : https://goo.gl/xv7CV1 ...",OPM Love Songs,10
EnLD_iSSJ9I,Best Djent Riffs 38,https://www.facebook.com/DjentCompilations This video is promotional.I do not own any of the content. All rights to the bands.,Djent Compilations,10
UZme7SwXXws,James Bay - Best Fake Smile (Official Music Video),Best Fake Smile (Official Music Video) Song available on James' debut album 'Chaos And The Calm'. Download Today! iTunes: http://po.st/CATCi Amazon: ...,JamesBayVEVO,10
oMBMgxUw6YQ,Atmosphere - The Best Day (Official Video),"From ""To All My Friends, Blood Makes The Blade Holy"" Available at Fifth Element: http://bit.ly/QXpXMk Available on iTunes: http://bit.ly/dexuPk Our friend, artist ...",Rhymesayers Entertainment,10
0HMAVU1k7kg,The Style Council - You&#39;re The Best Thing (Official Video),Music video by The Style Council performing You're The Best Thing. (C) 1984 Polydor Ltd. (UK) #TheStyleCouncil #YoureTheBestThing #Vevo.,TheStyleCouncilVEVO,10
xxIr3dbOJxU,Best Friend - Jason Chen (Official Music Video),Pre-order my new album! http://bit.ly/smileforthecamera Get this on iTunes/Spotify! http://bit.ly/jasonchen http://bit.ly/jasonspotify New MusicNeverSleeps shirts: ...,MusicNeverSleeps,10
qkPJSCHaTds,Jimmie Allen - Best Shot (Lyric Video),My debut album MERCURY LANE is out now!!! https://jimmieallen.lnk.to/mercurylane Subscribe to Jimmie's Channel: https://jimmieallen.lnk.to/ytchnlsubscribe ...,JimmieAllenVEVO,10
bta4NZKQku0,Tokyo Vanity - &quot;That&#39;s My Best Friend&quot; (Official M,Directed by: Cinemadona Buy It Now On Itunes!! https://itunes.apple.com/us/album/thats-my-best-friend-single/id1011550992?ls=1 www.tokyovanity.com Email ...,tokyo vanity,10
0JRgHol94Xc,Pat Benatar - Hit Me With Your Best Shot (Live),Music video by Pat Benatar performing Hit Me With Your Best Shot (Live).,PatBenatarVEVO,10
25ys0vc4tTI,Jimmie Allen - Best Shot,My debut album MERCURY LANE is out now!!! https://jimmieallen.lnk.to/mercurylane Subscribe to Jimmie's Channel: https://jimmieallen.lnk.to/ytchnlsubscribe ...,JimmieAllenVEVO,10
ek5TJ8wDLtY,"Best of Music 2019 ‚ô´ Trap, House, Dubstep, EDM Female Vocal Gaming Music Mix 2019","Best of Music 2019 ‚ô´ Trap, House, Dubstep, EDM Female Vocal Gaming Music Mix 2019 ‚ñ≠‚ñ≠‚ñ≠‚ñ≠‚ñ≠‚ñ≠‚ñ≠‚ñ≠‚ñ≠‚ñ≠‚ñ≠‚ñ≠‚ñ≠‚ñ≠‚ñ≠‚ñ≠‚ñ≠‚ñ≠‚ñ≠‚ñ≠‚ñ≠‚ñ≠‚ñ≠‚ñ≠‚ñ≠‚ñ≠‚ñ≠ ‚ô¢ All rights ...",The Rabbit,10
9VHABNmQjZQ,Jimmie Allen - Best Shot (Official Audio),My debut album MERCURY LANE is out now!!! https://jimmieallen.lnk.to/mercurylane Subscribe to Jimmie's Channel: https://jimmieallen.lnk.to/ytchnlsubscribe ...,JimmieAllenVEVO,10
XCqjFxUMU6Q,Best Coast - Crazy For You [OFFICIAL VIDEO],"Best Coast - Crazy For You Directed by Bob Harlow. Grab the new release, Crazy For You (LP | CD | MP3), on: Mexican Summer: http://bit.ly/bccrazyforyoustore ...",Mexican Summer,10
veHpPG-Wcy8,Norah Jones - Everybody Needs A Best Friend (Official Music Video),Buy on iTunes http://smarturl.it/TED Buy on Amazon http://smarturl.it/TEDamz Music video by Norah Jones performing Everybody Needs A Best Friend. (C) 2012 ...,norahjonesVEVO,10
zcloEzJU27E,Danny Brown - Best Life (Official Audio),"Official Audio for Best Life by Danny Brown uknowhatimsayin¬ø out now on WARP | https://uknowhatimsayin.com Pre-Order Vinyl, CD & Merch (out Nov 22nd) at ...",xdannyxbrownxVEVO,10
Ov_0M5OxbZM,Danny Brown - Best Life (Official Video),"Danny Brown's official video for 'Best Life'. Taken from the new album 'uknowhatimsayin¬ø', out on via Warp Records ...",xdannyxbrownxVEVO,10
fsHKUnEkphc,SuperM Reveal Which Member Has the Best Hair &amp; Who Is the Funniest Of the Group | Billboard,"SuperM play ""How Well Do You Know Your Bandmates?,"" as they reveal which member has the best hair, who is the funniest, and more. #SuperM #Billboard ...",Billboard,10
1lGrShe7t7c,Gladys Knight The Best Thing That Ever Happened To Me Lyrics,Beats by Dr. Dre from Monster Headphone: ...,MayaLyrics,10
7U5LWokfRHY,Best Coast - California Nights,"Get the new Best Coast album, California Nights: iTunes: http://smarturl.it/BC_CaliNights Amazon: http://smarturl.it/BC_AMZ Google Play: ...",BestCoastVEVO,10
U-GmiTLbYb8,Best Friend (London Mural Time-Lapse),"Foster The People's new album 'Supermodel' featuring ""Coming Of Age"" and ""Best Friend"" is available now: http://smarturl.it/Supermodel 24 Great Eastern Street ...",FosterThePeople,10
XOvQXon0HbE,Nella Wins Best New Artist | 2019 Latin GRAMMYs Acceptance Speech,Watch Nella accept the Latin GRAMMY for Best New Artist at the 20th Latin GRAMMY Awards About the Recording Academy / GRAMMYs: Recording Academy ...,Recording Academy / GRAMMYs,10
zLaXjv7bmLk,Congratulations To stonebwoy for winning the Best African Reggae/Dancehall Artist at the #AFRIMA19,"Subscribe, subscribe, subscribe, subscribe & Click on the for more upcoming music and videos............... Enjoy.",Zacknation TV,10
ogbQxV7F8vw,2 Chainz - Girl&#39;s Best Friend ft. Ty Dolla $ign,Stream & Download - https://2chainz.lnk.to/HotWingsAreAGirlsBestFriend Follow Chainz: https://www.instagram.com/2chainz/ https://twitter.com/2chainz ...,2ChainzVEVO,10
_EjMVfqi-QQ,Paskong Pinoy Top Traditional Tagalog Christmas Songs 2020 Medley - Best Tagalog Christmas Songs,Paskong Pinoy Top Traditional Tagalog Christmas Songs 2020 Medley - Best Tagalog Christmas Songs Paskong Pinoy Top Traditional Tagalog Christmas ...,OPM Love Songs,10
FUbrTBtIdH4,Rodriguez - live at Best Kept Secret 2018,Setlist Your Song (Elton John cover) 2:50 Light My Fire (the Doors cover) 5:17 Only Good For Conversation 9:49 Inner City Blues 12:55 Crucify Your Mind 17:27 ...,3voor12,10
6qD9CEIpq9U,Classic Country Christmas Songs Playlist - Best Country Christmas Album - Country Xmas 2020,Classic Country Christmas Songs Playlist - Best Country Christmas Album - Country Xmas 2020 ------------ ------------- ‚óã Thank you for seeing my ...,Country Experience Collection,10
F4tHL8reNCs,Johny Johny Yes Papa üë∂ THE BEST Song for Children | LooLoo Kids,Johny Jonhy Yes Papa - best song from LooLoo KIDS. Listen on Spotify - https://spoti.fi/2MCXO12 Listen on itunes- - https://apple.co/2N48uou Download our ...,LooLoo Kids - Nursery Rhymes and Children's Songs,10
4BJDNw7o6so,Phoenix - Lisztomania Official Video (Best Quality + Lyrics),First single from the forthcoming album Wolfgang Amadeus Phoenix Worldwide release on May 25th 2009 US release on May 26th 2009 Directed by Antoine ...,welovephoenix,10
-x7Kd9_CGn8,U2 - You‚Äôre The Best Thing About Me (A Film By Tatia Pilieva),Listen to You're The Best Thing About Me: https://u2.lnk.to/BestThingID Filmmaker Tatia Pilieva has created a remarkable short film to accompany U2's new ...,U2VEVO,10
dQw4w9WgXcQ,Rick Astley - Never Gonna Give You Up (Video),Rick Astley's official music video for ‚ÄúNever Gonna Give You Up‚Äù Listen to Rick Astley: https://RickAstley.lnk.to/_listenYD Subscribe to the official Rick Astley ...,RickAstleyVEVO,10
jjMWxwfh1Cc,"&quot;Kavacham&quot; | Non Stop Song | Malayalam Movie 2013 | Junior NTR, Nayanthara &amp; Sheela",All Time Hits of Malayalam Movies Songs - One Stop Destination for Your favourite Superstars & Blockbuster Movies. Watch Only on Biscoot Malayalam Movie ...,Malayalam Juke Box,10
uAcQzgsZIsY,Super hit Uttranchali Film | Kaul Karar,‡§á‡§∏ ‡§µ‡•Ä‡§°‡§ø‡§Ø‡•ã ‡§ï‡§æ Free MP3 Download ‡§ï‡§∞‡§®‡•á ‡§ï‡•á ‡§≤‡§ø‡§è ‡§π‡§Æ‡§æ‡§∞‡§æ Mobile APP MP3BAJAO Playstore ‡§∏‡•á ‡§°‡§æ‡§â‡§®‡§≤‡•ã‡§° ‡§ï‡§∞‡•á ‡§Ø‡§æ ‡§á‡§∏ ‡§≤‡§ø‡§Ç‡§ï...,Sanjivani Bhojpuri,10
Am-0K_Sf_Ps,Uttranchali est dev jagar | Shree Golu Devata Jagar Part 1,‡§á‡§∏ ‡§µ‡•Ä‡§°‡§ø‡§Ø‡•ã ‡§ï‡§æ Free MP3 Download ‡§ï‡§∞‡§®‡•á ‡§ï‡•á ‡§≤‡§ø‡§è ‡§π‡§Æ‡§æ‡§∞‡§æ Mobile APP MP3BAJAO Playstore ‡§∏‡•á ‡§°‡§æ‡§â‡§®‡§≤‡•ã‡§° ‡§ï‡§∞‡•á ‡§Ø‡§æ ‡§á‡§∏ ‡§≤‡§ø‡§Ç‡§ï...,Sanjivani Bhojpuri,10
-mxbv3UAaoM,Neelaponmaane | Malayalam Movie Songs | Nellu (1974),All Time Hits of Malayalam Movies Songs - One Stop Destination for Your favourite Superstars & Blockbuster Movies. Watch Only on Biscoot Malayalam Movie ...,Malayalam Juke Box,10
tyDhdQsBjZY,Ennume Enne Nee - Indralokathe Raajakumaari (2009) Malayalam Movie Songs,All Time Hits of Malayalam Movies Songs - One Stop Destination for Your favourite Superstars & Blockbuster Movies. Watch Only on Biscoot Malayalam Movie ...,Malayalam Juke Box,10
r-yqvoJBgog,"Non Stop Video Songs From Malayalam Movie Rhythm 2013, Prashanth &amp; Anjali",All Time Hits of Malayalam Movies Songs - One Stop Destination for Your favourite Superstars & Blockbuster Movies. Watch Only on Biscoot Malayalam Movie ...,Malayalam Juke Box,10
bmnL2j8innY,Swathu (1980) Non Stop Malayalam Movie Songs | Music  By G Devarajan,All Time Hits of Malayalam Movies Songs - One Stop Destination for Your favourite Superstars & Blockbuster Movies. Watch Only on Biscoot Malayalam Movie ...,Malayalam Juke Box,10
KeaWWyqJtyI,Aarumille Songs of Malayalam Movie Reghuraman IAS - Jyothika,All Time Hits of Malayalam Movies Songs - One Stop Destination for Your favourite Superstars & Blockbuster Movies. Watch Only on Biscoot Malayalam Movie ...,Malayalam Juke Box,10
kIj6QPs5FsE,Kannil Kopam Songs of Malayalam Movie Reghuraman IAS - Jyothika,All Time Hits of Malayalam Movies Songs - One Stop Destination for Your favourite Superstars & Blockbuster Movies. Watch Only on Biscoot Malayalam Movie ...,Malayalam Juke Box,10
jSKca7onir0,Swasam 2012 Malayalam movie Songs &quot;Kallachekka&quot;,All Time Hits of Malayalam Movies Songs - One Stop Destination for Your favourite Superstars & Blockbuster Movies. Watch Only on Biscoot Malayalam Movie ...,Malayalam Juke Box,10
8dNgYdW1aDk,2018 Bhojpuri Film | { Gawn Ki Bitiya} Part 2,‡§á‡§∏ ‡§µ‡•Ä‡§°‡§ø‡§Ø‡•ã ‡§ï‡§æ Free MP3 Download ‡§ï‡§∞‡§®‡•á ‡§ï‡•á ‡§≤‡§ø‡§è ‡§π‡§Æ‡§æ‡§∞‡§æ Mobile APP MP3BAJAO Playstore ‡§∏‡•á ‡§°‡§æ‡§â‡§®‡§≤‡•ã‡§° ‡§ï‡§∞‡•á ‡§Ø‡§æ ‡§á‡§∏ ‡§≤‡§ø‡§Ç‡§ï...,Sanjivani Bhojpuri,10
i98yjWHjp-E,Swasam 2012 Malayalam movie Songs &quot;Thamburu&quot;,All Time Hits of Malayalam Movies Songs - One Stop Destination for Your favourite Superstars & Blockbuster Movies. Watch Only on Biscoot Malayalam Movie ...,Malayalam Juke Box,10
XYB9tdfEMi8,Swasam 2012 Malayalam movie Songs &quot;Sreeragam&quot;,All Time Hits of Malayalam Movies Songs - One Stop Destination for Your favourite Superstars & Blockbuster Movies. Watch Only on Biscoot Malayalam Movie ...,Malayalam Juke Box,10
NLg7fQEqyKA,&quot;Oh Adipoli&quot; Full Song from Malayalam Movie Rhythm 2010,All Time Hits of Malayalam Movies Songs - One Stop Destination for Your favourite Superstars & Blockbuster Movies. Watch Only on Biscoot Malayalam Movie ...,Malayalam Juke Box,10
sZNEAv991GY,Malayalam Movie Non Stop Song 2013 I Oru Nerinte Nombaram I Malayalam Movie Song I HD,All Time Hits of Malayalam Movies Songs - One Stop Destination for Your favourite Superstars & Blockbuster Movies. Watch Only on Biscoot Malayalam Movie ...,Malayalam Juke Box,10
G6pNrpztlu8,Malayalam Movie Non Stop Songs 2012 I Oomakuzhiyil Padumbol I Malayalam Movie Song I HD,All Time Hits of Malayalam Movies Songs - One Stop Destination for Your favourite Superstars & Blockbuster Movies. Watch Only on Biscoot Malayalam Movie ...,Malayalam Juke Box,10
DMs_4Jq-Hco,Ithu Manthramo Thanthramo Kuthanthramo | 2013 Malayalam Movie Non Stop Video Songs | Lakshmi Menon,Listen 2013 Ithu Manthramo Thanthramo Kuthanthramo Malayalam Movie Non Stop Songs. Status Released on 15-03-2013 Director Sainu Pallithazhathu ...,Malayalam Juke Box,10
CahX3R-BT9o,Hottest Tammanna  Video Song &quot;Mallike Mallike&quot; From Malayalam Film Kaalidaas (2010),All Time Hits of Malayalam Movies Songs - One Stop Destination for Your favourite Superstars & Blockbuster Movies. Watch Only on Biscoot Malayalam Movie ...,Malayalam Juke Box,10
Z5E98q3XlGM,&quot;Govinda Maadhava&quot; Malayalam Movie Songs | Changaathikkoottam (2009),All Time Hits of Malayalam Movies Songs - One Stop Destination for Your favourite Superstars & Blockbuster Movies. Watch Only on Biscoot Malayalam Movie ...,Malayalam Juke Box,10
e7zPqIYtZLA,"Musafir 2013 Malayalam Movie Non Stop Video Songs | Rahman,Mamta Mohandas","Listen 2013 Musafir Malayalam Movie Non Stop Song. Musafir (English: traveler) is a 2013 Malayalam film directed by Pramod Pappan starring Rahman, Mamta ...",Malayalam Juke Box,10
9BWV6232t0M,Sapthapadi (1981) Non Stop Malayalam Movie Songs | Music by KV Mahadevan,All Time Hits of Malayalam Movies Songs - One Stop Destination for Your favourite Superstars & Blockbuster Movies. Watch Only on Biscoot Malayalam Movie ...,Malayalam Juke Box,10
Oj30Xo-0IIc,Swaralayam (1987) Non Stop Malayalam Movie Songs | Music  By KV Mahadevan,All Time Hits of Malayalam Movies Songs - One Stop Destination for Your favourite Superstars & Blockbuster Movies. Watch Only on Biscoot Malayalam Movie ...,Malayalam Juke Box,10
3liasVLA3Hg,"Cheri (2003) Non Stop Malayalam Movie Songs Jagathy Sreekumar, Nasser",All Time Hits of Malayalam Movies Songs - One Stop Destination for Your favourite Superstars & Blockbuster Movies. Watch Only on Biscoot Malayalam Movie ...,Malayalam Juke Box,10
uubwDD-FphY,"Dear Friend 2013 Malayalam Movie Non Stop Vidoe | Sowparnika,Prem Prakash HD","Listen 2013 Dear Friend Malayalam Movie Song Muthumanitheril,Manjin Eeran ,Udayangale .",Malayalam Juke Box,10
L3N4GZLEVX4,"Agniputhri (1967) Non Stop Songs Malayalam Movie Songs | Prem Nazir, Sheela",All Time Hits of Malayalam Movies Songs - One Stop Destination for Your favourite Superstars & Blockbuster Movies. Watch Only on Biscoot Malayalam Movie ...,Malayalam Juke Box,10
