,link,title,description,category
0,0SPwwpruGIA,,"This is the ultimate must-try food bucket list. From burgers dipped in cheese to classic NY cheesecakes to edible cookie dough, here are 42 foods you have to eat before you die and where you can try them.

------------------------------------------------------

  

INSIDER is great journalism about what passionate people actually want to know. Thatâ€™s everything from news to food, celebrity to science, politics to sports and all the rest. Itâ€™s smart. Itâ€™s fearless. Itâ€™s fun. We push the boundaries of digital storytelling. Our mission is to inform and inspire.

Subscribe to our channel:  and visit us at: 
FOOD INSIDER on Facebook: 
FOOD INSIDER on Instagram: 
FOOD INSIDER on Twitter: 
INSIDER on Snapchat: 

42 Foods You Need To Eat Before You Die | The Ultimate List",food
1,6AcNB78ylq,Flying to IRAN for STREET FOOD!!! In the COCKPIT!!! Never Seen Before!!!,"Flying to IRAN for STREET FOOD!!! In the COCKPIT!!!
Thank you Mahan Air for flying us to Iran! Thank you Mr. Taster https://www.instagram.com/mr.taster and Ali from https://cometopersia.com

Today, we're traveling to Iran for street food! Iran has some of the best street food around the world, and today, we're flying in direct with Mahan Air to Tehran, Iran to meet up with our friend Mr.Taster! He is bringing us for tons of Iranian street food in Tehran!  Get ready for some of the BEST Street food in Iran in our Iran Food Tour ADVENTURE!!! Persian food is famous around the world, so we flew in DIRECT to try it, AND we got to fly in the COCKPIT!!! 

This was the most satisfying feeling to sit in the cockpit and chat with the pilots while Traveling to Iran for street food! This is part 1 of 9 our ULTIMATE street food tour of Iran, get ready for the series of a LIFETIME!!!

After landing in Tehran, Mr. Taster is bringing us for some EXTREME Iranian street food, including the Kaleh Pacheh Lamb head stew filled with saffron and Persian spices! Found at Shire khoda at Hashemi Junction, Ghasre Dasht, Tehran, Iran!

Then, he's bringing us for a MASSIVE Iranian FEAST including some of the BEST BBQ Kababs in the world, the KOOBIDEH lamb kababs! Found at the Iranian restaurant Chelokebab Raftari
Address: Bamland Shopping Mall, South Kashan, West Hemat, Tehran, Iran

Thanks a lot for watching these Iranian street food tour videos! Iran Tourism has huge potential, the people are so friendly and I truly believe that it was a good choice to come to Iran travel!

â–º MERCH AVAILABLE HERE: 

The Food Ranger Trevor James Instagram:
â–º 

â–º3 Months FREE on ExpressVPN and 49% OFF! 

â–ºMy Street Food Blog: 

â–ºThe BEST VPNs For China: 

Thanks so much for watching my street food videos! Please click the bell button!",food
2,JR0ujoXd10,Prague Food Tour - ULTIMATE CZECH FOOD + Street Food in Czech Republic!,"ğŸ¥Copenhagen Street Food Tour: https://youtu.be/gMNvp-83fDc
ğŸ‘•T-shirts and caps: https://migrationology.com/store/
ğŸŒMark Wiens Banana Chips - Worldwide Shipping Available Now: 

PRAGUE, CZECH REPUBLIC - I was excited to visit Prague, a city Iâ€™ve been wanting to visit for many years. In this video, weâ€™re going on an ultimate Czech food tour of Prague, and doing a full walking tour of the attractions and center of the city along the way.   

CafÃ© Savoy - For one of the most historical and beautiful restaurants and cafes in all of Prague, head to CafÃ© Savoy. Itâ€™s one of those restaurants thatâ€™s as much a museum as it is a restaurant. Itâ€™s a good place to have breakfast, or to have coffee. I had the Czech style breakfast set. Total price - 685 CZK ($29.62)

PÃ¡rek v rohlÃ­ku â€“ Ladislav ÄŒervenÃ½ - If thereâ€™s one Czech street food your donâ€™t want to miss, itâ€™s sausages and hotdogs. And after doing some research, I discovered that not too far from where I was staying, was a popular local hotdog stall just outside the metro station. What was amazing to me is that the bun was toasted on the inside, but the outside of the bun was so soft. Great hotdogs, well worth going out of your way to eat when youâ€™re in Prague. Price - 25 CZK ($1.08) per hotdog

Restaurace U BansethÅ¯ - My favorite type of food to eat is classic, traditional food, anywhere I travel. Restaurace U BansethÅ¯ is a restaurant with over 100 years of history, and I was very excited to go there. Menu was all in Czech, but our waiter was friendly and helpful. Something you have to note about Czech food restaurants (at least in my experience so far) is that they often have dishes of the day, and donâ€™t have the full menu. So itâ€™s best to choose the dishes of the day. I ordered their signature stuffed duck, a plate of tongue and dumplings, and we also tried a beef stew, which was similar to goulash, but had a different name. Food was delicious, and especially paired with Czech beer. 477 CZK ($20.62) - Total price for everything

LahÅ¯dky ZlatÃ½ kÅ™Ã­Å¾ - Next up on this ultimate Prague food tour, we headed back to the center of Prague and I ordered a few Czech open faced sandwiches from LahÅ¯dky ZlatÃ½ kÅ™Ã­Å¾. Great local place to get food on the go. 77 CZK ($3.33)

ZahradnÃ­ restaurace LetenskÃ½ zÃ¡meÄek - Next, we headed on a little walk across the river and up the hill to a beer garden and terrance overlooking old town of Prague. I would highly recommend visiting, the ambiance was fantastic, and the views were spectacular.

LokÃ¡l - Beer Restaurant - Finally, when I reached out to you on social media about where to eat in Prague, one of the top suggestions was LokÃ¡l, a place loved by all for their great Czech beer, and for their food. We had a great experience, and itâ€™s the type of place that would be fun to go with many friends. 726 CZK ($31.39)

Thank you for watching this ultimate Czech food tour of Prague, Czech Republic!

ğŸµMUSIC: 


â€”â€”â€”â€”â€”â€”â€”â€”â€”â€”â€”â€”â€”â€”â€”â€”â€”â€”

ğŸŒBanana Chips are available now worldwide!!


ğŸ‘•Get t-shirts and caps:


ğŸ“·Camera gear I use:


â€”â€”â€”â€”â€”â€”â€”â€”â€”â€”â€”â€”â€”â€”â€”â€”â€”â€”

ğŸ“±FOLLOW:
Instagram: 
Facebook: ",food
3,K1A0TD-0ci0,SHOCKING Japanese Street Food on Japan's STRANGE FOOD Island!!! (Would you try this?),"ğŸ‘•FOOD IS PEACE SHIRTSÂ» http://bit.ly/BEFRSMerch  
ğŸœBOOK WITH BYFOOD.COM Â» https://www.byfood.com/areas/Kanagawa... 
ğŸ’—SUPPORT OUR MISSIONÂ» http://bit.ly/BestEverPatreon    

THANKS TO BYFOOD FOR MAKING OUR JAPAN TRIP POSSIBLE! 
ğŸ“· byFood: @JapanByFood
ğŸ“· Shizuka Anderson: @xshizzyx

Like our music? Enjoy a free 30-day trial of Epidemic Sound for the best royalty free music:   
- - - - - - - - - - - - - - - - -
SHIRASU IN KANAGAWA
1. ASAHI HONTEN
ADDRESS: 1-chome-4-10 Enoshima, Fujisawa, Kanagawa 251-0036
 
ğŸ¦ SHRIMP CRACKERS: Pour flour water into a presser. Next, soak the shrimp in potato starch then place into the pressing machine for 1 minute. Serve when cooked. 

ğŸŸ BABY SARDINE CRACKERS (Shirasu Sembei): Pour blue flour water in a pressing machine. Next, add the baby sardines on and press for 1 minute. Serve when ready. 

ğŸ’¸PRICE: Shrimp Crackers  Â¥600JPY/ $5.57USD | Shirasu Crackers Â¥500JPY/ $4.64USD
- - - - - - - - - - - - - - - - -
2. ENOSHIMA TOBICCHO
ADDRESS: 1-Chome-6-7 Enoshima, Fujisawa, Kanagawa 251-0036

ğŸŸ SHIRASU RICE BOWL: Add rice in the bowl and then vegetables, mayonnaise, sesame seeds and dried seaweed. Next, add boiled baby sardines, soy-sauced baby sardines and raw baby sardines in the bowl. Continue adding minced ginger, minced radish and minced spicy radish. Serve with shredded seaweed and yellow ginger. 

ğŸ’¸PRICE:  Â¥1400JPY/ $13 USD
- - - - - - - - - - - - - - - - -
3. SHONAN BURGER
ADDRESS: 251-0036 Kanagawa, Fujisawa, Enoshima, 2-Chome-1-6 1F

ğŸ” SHIRASU BURGER: Heat the bun at 167ÂºC for 1 minute. Next, fry the shirasu chewy cake for 1 minute. Dip the shirasu cake in a bowl of soy sauce and dashi stork. Then, take the buns out, add wasabi, lettuce, shirasu cake, boiled shirasu and mayonnaise on the bun. Finally, put another bun on top and serve. 

ğŸ’¸PRICE:  Â¥800JPY/ $7.43 USD

Thanks to local Enoshima guide:  

  
- - - - - - - - - - - - - - - - -
ğŸ’¬COME SAY HI:
INSTAGRAM Â»  (@besteverfoodreviewshow)
FACEBOOK Â» 
 
ğŸ’—SUPPORT OUR MISSION:
Patreon is a platform that allows people to support creators on a recurring basis. Your contribution is an investment in the creative freedom of my channel and enables me to keep my content authentic and uninterrupted. Your generous donation allows me the time and resources to create more videos for you. We also have some pretty sweet rewards, exclusive to Patreon Bestys. Â» 

Our VIP Patrons: Cora Rogerson, David Baliles, Joaquin Rueda VI, Ryan Rhodes, Muhammad Octovan, Andres Glaze & Alpa 
 
ğŸ¥’ABOUT BEFRS:
Hey, Iâ€™m Sonny! Iâ€™m from the US but currently call Vietnam home. Iâ€™ve been living in Asia for 10 years and started making food and travel videos to document my experiences. I travel to different parts of the world, hunting down and documenting the most unique food each country has to offer. 

If you see any factual food errors in my videos, please feel free to politely let me know in the comments. I'm a huge fan of trying different, interesting foods in each country. My show is from a Western point of view, but more importantly, MY point of view. It is not meant to offend any person or culture.
- - - - - - - - - - - - - - - - -
ğŸ¬CREDITS:
DIRECTOR OF PHOTOGRAPHY Â» Nguyá»…n TÃ¢n Kháº£i 
CAMERA OPERATOR Â» Nguyá»…n Minh Äá»©c
VIDEO EDITOR Â» DÆ°Æ¡ng Quá»‘c Huy
PRODUCER Â»  Liz Peterson 
LINE PRODUCER Â»  Huá»³nh HÃ  My
COLOR & MASTER Â» QuÃ­ Nguyá»…n
Selected tracks via Audio Network 

For business inquiries: marketing@befrs.com",food
4,SryFR4rhtj,Chinese Street Food - RARE Muslim Wedding in Islamic China + 9 WHOLE LAMB!! NEVER SEEN Before!,"Chinese Street Food RARE Muslim Wedding in Islamic China! With WHOLE Lamb!!! 
Thanks Dalei!!! https://www.youtube.com/channel/UCdTw...

â–ºExpressVPN: Protect yourself and unblock any site.  Get 3 months free and 49% off!

Chinese Street Food RARE Muslim Wedding! Today, we're attending a Muslim Chinese wedding in rural Henan province in central China to try the food! We're going DEEP for Chinese street food!

Located a short drive outside of Kaifeng, which has some of the best street food in China, we're trying the RARE Chinese muslim wedding halal food! Muslim Chinese food is so unique, and today we're getting to taste the REAL Chinese muslim food!

The Best VPNs for China: 

Thanks a lot for watching these Chinese street food tour videos!

â–º MERCH AVAILABLE HERE: 

The Food Ranger Trevor James Instagram:
â–º 

â–º3 Months FREE on ExpressVPN and 49% OFF! 

â–ºMy Street Food Blog: 

â–ºThe BEST VPNs For China: 

Thanks so much for watching my street food videos! Please click the bell button!",food
5,VZheE7mNR4,,"Korean Street Food | Street Food in Seoul | Gwangjang Market

So PUMPED to be in Seoul, South Korea for a MASSIVE Street Food tour! We spent 7 days feasting on the best of Korean cuisine! We have 4 videos from Korea that we are so excited to show you guys, but we also filmed a lot that won't make the first channel so you can check that out on Luke Martin Raw - 

Seoul is packed with SPICY Street Foods like the ones we tried at Gwangjang Market! We fell in love with Korean food very quickly! Stay tuned for the rest of our videos where we eat all kinds of Korean foods including some DELICIOUS seafood! 

========================================================
Hey there, my name's Luke Martin with www.chopsticktravel.com ! I'm on a journey to document the BEST Street Food around the world! The Chopstick Travelers are based in Taiwan, where we frequent the best Street Food stands everywhere from Taipei to Kaohsiung. Not only do we feast on amazing street food in Taiwan, but our food focused travels take us on Street Food missions trying unique foods in places like Japan, Malaysia, Korea and Hong Kong and around the world!

I post 2 times a week mostly food, some travel. Street Food tours around the world and the most unique dishes we can find in all kinds of hole-in-the-wall restaurants. Stay updated for my latest video VIA our Facebook page and Instagram!

- 
- 

Always remember that the best part of travel is immersing yourselves in the local culture, and no where better can you immerse yourself than into the Street Food!

Korea / Street Food / Luke Martin / Chopstick Travel / Seoul",food
6,XwHurP9RH-,42 Cheesy Foods You Need To Eat Before You Die | The Ultimate List,"From pizza pot pies to cheeseburger dumplings, here are 42 cheesy foods you have to eat before you die and where you can try them.

Footage courtesy of:
Lickyourphone/Lickyourdessert: 

@thegrubfather:

HangryDiary: 


MORE CHEESE CONTENT:
Burger Drenched In Cheese: The Most Viral Food Video Of 2018

The Best Cheesesteak In Philadelphia | Best Of The Best

Melted Cheese Fondue Burger In NYC


------------------------------------------------------

  

INSIDER is great journalism about what passionate people actually want to know. Thatâ€™s everything from news to food, celebrity to science, politics to sports and all the rest. Itâ€™s smart. Itâ€™s fearless. Itâ€™s fun. We push the boundaries of digital storytelling. Our mission is to inform and inspire.

Subscribe to our channel:  and visit us at: 
FOOD INSIDER on Facebook: 
FOOD INSIDER on Instagram: 
FOOD INSIDER on Twitter: 
INSIDER on Snapchat: 

42 Cheesy Foods You Need To Eat Before You Die | The Ultimate List",food
